year,month,data,error,SElo,SEup,metric,timeseries,lat,lon,depth,order,time
1980,1,0.2248908296943231,nan,nan,nan,"Habitat Area (fraction below monthly threshold)",Monthly Habitat Compression Index over 35.5-40N,nan,nan,2.0,1.0,1980-01-01
1980,2,0.0458515283842794,nan,nan,nan,"Habitat Area (fraction below monthly threshold)",Monthly Habitat Compression Index over 35.5-40N,nan,nan,2.0,1.0,1980-02-01
1980,3,0.0,nan,nan,nan,"Habitat Area (fraction below monthly threshold)",Monthly Habitat Compression Index over 35.5-40N,nan,nan,2.0,1.0,1980-03-01
1980,4,0.0491266375545851,nan,nan,nan,"Habitat Area (fraction below monthly threshold)",Monthly Habitat Compression Index over 35.5-40N,nan,nan,2.0,1.0,1980-04-01
1980,5,0.287117903930131,nan,nan,nan,"Habitat Area (fraction below monthly threshold)",Monthly Habitat Compression Index over 35.5-40N,nan,nan,2.0,1.0,1980-05-01
1980,6,0.0960698689956331,nan,nan,nan,"Habitat Area (fraction below monthly threshold)",Monthly Habitat Compression Index over 35.5-40N,nan,nan,2.0,1.0,1980-06-01
1980,7,0.029475982532751,nan,nan,nan,"Habitat Area (fraction below monthly threshold)",Monthly Habitat Compression Index over 35.5-40N,nan,nan,2.0,1.0,1980-07-01
1980,8,0.2587336244541485,nan,nan,nan,"Habitat Area (fraction below monthly threshold)",Monthly Habitat Compression Index over 35.5-40N,nan,nan,2.0,1.0,1980-08-01
1980,9,0.1877729257641921,nan,nan,nan,"Habitat Area (fraction below monthly threshold)",Monthly Habitat Compression Index over 35.5-40N,nan,nan,2.0,1.0,1980-09-01
1980,10,0.2150655021834061,nan,nan,nan,"Habitat Area (fraction below monthly threshold)",Monthly Habitat Compression Index over 35.5-40N,nan,nan,2.0,1.0,1980-10-01
1980,11,0.131004366812227,nan,nan,nan,"Habitat Area (fraction below monthly threshold)",Monthly Habitat Compression Index over 35.5-40N,nan,nan,2.0,1.0,1980-11-01
1980,12,0.0262008733624454,nan,nan,nan,"Habitat Area (fraction below monthly threshold)",Monthly Habitat Compression Index over 35.5-40N,nan,nan,2.0,1.0,1980-12-01
1981,1,0.0,nan,nan,nan,"Habitat Area (fraction below monthly threshold)",Monthly Habitat Compression Index over 35.5-40N,nan,nan,2.0,1.0,1981-01-01
1981,2,0.0,nan,nan,nan,"Habitat Area (fraction below monthly threshold)",Monthly Habitat Compression Index over 35.5-40N,nan,nan,2.0,1.0,1981-02-01
1981,3,0.0338427947598253,nan,nan,nan,"Habitat Area (fraction below monthly threshold)",Monthly Habitat Compression Index over 35.5-40N,nan,nan,2.0,1.0,1981-03-01
1981,4,0.2401746724890829,nan,nan,nan,"Habitat Area (fraction below monthly threshold)",Monthly Habitat Compression Index over 35.5-40N,nan,nan,2.0,1.0,1981-04-01
1981,5,0.381004366812227,nan,nan,nan,"Habitat Area (fraction below monthly threshold)",Monthly Habitat Compression Index over 35.5-40N,nan,nan,2.0,1.0,1981-05-01
1981,6,0.1899563318777292,nan,nan,nan,"Habitat Area (fraction below monthly threshold)",Monthly Habitat Compression Index over 35.5-40N,nan,nan,2.0,1.0,1981-06-01
1981,7,0.4705240174672489,nan,nan,nan,"Habitat Area (fraction below monthly threshold)",Monthly Habitat Compression Index over 35.5-40N,nan,nan,2.0,1.0,1981-07-01
1981,8,0.2751091703056768,nan,nan,nan,"Habitat Area (fraction below monthly threshold)",Monthly Habitat Compression Index over 35.5-40N,nan,nan,2.0,1.0,1981-08-01
1981,9,0.6550218340611353,nan,nan,nan,"Habitat Area (fraction below monthly threshold)",Monthly Habitat Compression Index over 35.5-40N,nan,nan,2.0,1.0,1981-09-01
1981,10,0.445414847161572,nan,nan,nan,"Habitat Area (fraction below monthly threshold)",Monthly Habitat Compression Index over 35.5-40N,nan,nan,2.0,1.0,1981-10-01
1981,11,0.0262008733624454,nan,nan,nan,"Habitat Area (fraction below monthly threshold)",Monthly Habitat Compression Index over 35.5-40N,nan,nan,2.0,1.0,1981-11-01
1981,12,0.009825327510917,nan,nan,nan,"Habitat Area (fraction below monthly threshold)",Monthly Habitat Compression Index over 35.5-40N,nan,nan,2.0,1.0,1981-12-01
1982,1,0.9421397379912664,nan,nan,nan,"Habitat Area (fraction below monthly threshold)",Monthly Habitat Compression Index over 35.5-40N,nan,nan,2.0,1.0,1982-01-01
1982,2,0.4978165938864629,nan,nan,nan,"Habitat Area (fraction below monthly threshold)",Monthly Habitat Compression Index over 35.5-40N,nan,nan,2.0,1.0,1982-02-01
1982,3,0.3973799126637554,nan,nan,nan,"Habitat Area (fraction below monthly threshold)",Monthly Habitat Compression Index over 35.5-40N,nan,nan,2.0,1.0,1982-03-01
1982,4,0.1277292576419214,nan,nan,nan,"Habitat Area (fraction below monthly threshold)",Monthly Habitat Compression Index over 35.5-40N,nan,nan,2.0,1.0,1982-04-01
1982,5,0.7139737991266376,nan,nan,nan,"Habitat Area (fraction below monthly threshold)",Monthly Habitat Compression Index over 35.5-40N,nan,nan,2.0,1.0,1982-05-01
1982,6,0.5131004366812227,nan,nan,nan,"Habitat Area (fraction below monthly threshold)",Monthly Habitat Compression Index over 35.5-40N,nan,nan,2.0,1.0,1982-06-01
1982,7,0.3078602620087336,nan,nan,nan,"Habitat Area (fraction below monthly threshold)",Monthly Habitat Compression Index over 35.5-40N,nan,nan,2.0,1.0,1982-07-01
1982,8,0.4956331877729257,nan,nan,nan,"Habitat Area (fraction below monthly threshold)",Monthly Habitat Compression Index over 35.5-40N,nan,nan,2.0,1.0,1982-08-01
1982,9,0.2172489082969432,nan,nan,nan,"Habitat Area (fraction below monthly threshold)",Monthly Habitat Compression Index over 35.5-40N,nan,nan,2.0,1.0,1982-09-01
1982,10,0.1844978165938864,nan,nan,nan,"Habitat Area (fraction below monthly threshold)",Monthly Habitat Compression Index over 35.5-40N,nan,nan,2.0,1.0,1982-10-01
1982,11,0.0054585152838427,nan,nan,nan,"Habitat Area (fraction below monthly threshold)",Monthly Habitat Compression Index over 35.5-40N,nan,nan,2.0,1.0,1982-11-01
1982,12,0.046943231441048,nan,nan,nan,"Habitat Area (fraction below monthly threshold)",Monthly Habitat Compression Index over 35.5-40N,nan,nan,2.0,1.0,1982-12-01
1983,1,0.168122270742358,nan,nan,nan,"Habitat Area (fraction below monthly threshold)",Monthly Habitat Compression Index over 35.5-40N,nan,nan,2.0,1.0,1983-01-01
1983,2,0.1015283842794759,nan,nan,nan,"Habitat Area (fraction below monthly threshold)",Monthly Habitat Compression Index over 35.5-40N,nan,nan,2.0,1.0,1983-02-01
1983,3,0.0,nan,nan,nan,"Habitat Area (fraction below monthly threshold)",Monthly Habitat Compression Index over 35.5-40N,nan,nan,2.0,1.0,1983-03-01
1983,4,0.0065502183406113,nan,nan,nan,"Habitat Area (fraction below monthly threshold)",Monthly Habitat Compression Index over 35.5-40N,nan,nan,2.0,1.0,1983-04-01
1983,5,0.0687772925764192,nan,nan,nan,"Habitat Area (fraction below monthly threshold)",Monthly Habitat Compression Index over 35.5-40N,nan,nan,2.0,1.0,1983-05-01
1983,6,0.1713973799126637,nan,nan,nan,"Habitat Area (fraction below monthly threshold)",Monthly Habitat Compression Index over 35.5-40N,nan,nan,2.0,1.0,1983-06-01
1983,7,0.1179039301310043,nan,nan,nan,"Habitat Area (fraction below monthly threshold)",Monthly Habitat Compression Index over 35.5-40N,nan,nan,2.0,1.0,1983-07-01
1983,8,0.0502183406113537,nan,nan,nan,"Habitat Area (fraction below monthly threshold)",Monthly Habitat Compression Index over 35.5-40N,nan,nan,2.0,1.0,1983-08-01
1983,9,0.0032751091703056,nan,nan,nan,"Habitat Area (fraction below monthly threshold)",Monthly Habitat Compression Index over 35.5-40N,nan,nan,2.0,1.0,1983-09-01
1983,10,0.0010917030567685,nan,nan,nan,"Habitat Area (fraction below monthly threshold)",Monthly Habitat Compression Index over 35.5-40N,nan,nan,2.0,1.0,1983-10-01
1983,11,0.0,nan,nan,nan,"Habitat Area (fraction below monthly threshold)",Monthly Habitat Compression Index over 35.5-40N,nan,nan,2.0,1.0,1983-11-01
1983,12,0.1015283842794759,nan,nan,nan,"Habitat Area (fraction below monthly threshold)",Monthly Habitat Compression Index over 35.5-40N,nan,nan,2.0,1.0,1983-12-01
1984,1,0.2958515283842794,nan,nan,nan,"Habitat Area (fraction below monthly threshold)",Monthly Habitat Compression Index over 35.5-40N,nan,nan,2.0,1.0,1984-01-01
1984,2,0.1244541484716157,nan,nan,nan,"Habitat Area (fraction below monthly threshold)",Monthly Habitat Compression Index over 35.5-40N,nan,nan,2.0,1.0,1984-02-01
1984,3,0.1397379912663755,nan,nan,nan,"Habitat Area (fraction below monthly threshold)",Monthly Habitat Compression Index over 35.5-40N,nan,nan,2.0,1.0,1984-03-01
1984,4,0.3286026200873362,nan,nan,nan,"Habitat Area (fraction below monthly threshold)",Monthly Habitat Compression Index over 35.5-40N,nan,nan,2.0,1.0,1984-04-01
1984,5,0.2805676855895196,nan,nan,nan,"Habitat Area (fraction below monthly threshold)",Monthly Habitat Compression Index over 35.5-40N,nan,nan,2.0,1.0,1984-05-01
1984,6,0.3820960698689956,nan,nan,nan,"Habitat Area (fraction below monthly threshold)",Monthly Habitat Compression Index over 35.5-40N,nan,nan,2.0,1.0,1984-06-01
1984,7,0.1801310043668122,nan,nan,nan,"Habitat Area (fraction below monthly threshold)",Monthly Habitat Compression Index over 35.5-40N,nan,nan,2.0,1.0,1984-07-01
1984,8,0.1419213973799126,nan,nan,nan,"Habitat Area (fraction below monthly threshold)",Monthly Habitat Compression Index over 35.5-40N,nan,nan,2.0,1.0,1984-08-01
1984,9,0.1168122270742358,nan,nan,nan,"Habitat Area (fraction below monthly threshold)",Monthly Habitat Compression Index over 35.5-40N,nan,nan,2.0,1.0,1984-09-01
1984,10,0.3875545851528384,nan,nan,nan,"Habitat Area (fraction below monthly threshold)",Monthly Habitat Compression Index over 35.5-40N,nan,nan,2.0,1.0,1984-10-01
1984,11,0.3537117903930131,nan,nan,nan,"Habitat Area (fraction below monthly threshold)",Monthly Habitat Compression Index over 35.5-40N,nan,nan,2.0,1.0,1984-11-01
1984,12,0.2805676855895196,nan,nan,nan,"Habitat Area (fraction below monthly threshold)",Monthly Habitat Compression Index over 35.5-40N,nan,nan,2.0,1.0,1984-12-01
1985,1,0.6037117903930131,nan,nan,nan,"Habitat Area (fraction below monthly threshold)",Monthly Habitat Compression Index over 35.5-40N,nan,nan,2.0,1.0,1985-01-01
1985,2,0.740174672489083,nan,nan,nan,"Habitat Area (fraction below monthly threshold)",Monthly Habitat Compression Index over 35.5-40N,nan,nan,2.0,1.0,1985-02-01
1985,3,0.9683406113537116,nan,nan,nan,"Habitat Area (fraction below monthly threshold)",Monthly Habitat Compression Index over 35.5-40N,nan,nan,2.0,1.0,1985-03-01
1985,4,0.6397379912663755,nan,nan,nan,"Habitat Area (fraction below monthly threshold)",Monthly Habitat Compression Index over 35.5-40N,nan,nan,2.0,1.0,1985-04-01
1985,5,0.5414847161572053,nan,nan,nan,"Habitat Area (fraction below monthly threshold)",Monthly Habitat Compression Index over 35.5-40N,nan,nan,2.0,1.0,1985-05-01
1985,6,0.2019650655021834,nan,nan,nan,"Habitat Area (fraction below monthly threshold)",Monthly Habitat Compression Index over 35.5-40N,nan,nan,2.0,1.0,1985-06-01
1985,7,0.4323144104803493,nan,nan,nan,"Habitat Area (fraction below monthly threshold)",Monthly Habitat Compression Index over 35.5-40N,nan,nan,2.0,1.0,1985-07-01
1985,8,0.3460698689956332,nan,nan,nan,"Habitat Area (fraction below monthly threshold)",Monthly Habitat Compression Index over 35.5-40N,nan,nan,2.0,1.0,1985-08-01
1985,9,0.2281659388646288,nan,nan,nan,"Habitat Area (fraction below monthly threshold)",Monthly Habitat Compression Index over 35.5-40N,nan,nan,2.0,1.0,1985-09-01
1985,10,0.5731441048034934,nan,nan,nan,"Habitat Area (fraction below monthly threshold)",Monthly Habitat Compression Index over 35.5-40N,nan,nan,2.0,1.0,1985-10-01
1985,11,0.9541484716157204,nan,nan,nan,"Habitat Area (fraction below monthly threshold)",Monthly Habitat Compression Index over 35.5-40N,nan,nan,2.0,1.0,1985-11-01
1985,12,0.7740174672489083,nan,nan,nan,"Habitat Area (fraction below monthly threshold)",Monthly Habitat Compression Index over 35.5-40N,nan,nan,2.0,1.0,1985-12-01
1986,1,0.5960698689956332,nan,nan,nan,"Habitat Area (fraction below monthly threshold)",Monthly Habitat Compression Index over 35.5-40N,nan,nan,2.0,1.0,1986-01-01
1986,2,0.2270742358078602,nan,nan,nan,"Habitat Area (fraction below monthly threshold)",Monthly Habitat Compression Index over 35.5-40N,nan,nan,2.0,1.0,1986-02-01
1986,3,0.0283842794759825,nan,nan,nan,"Habitat Area (fraction below monthly threshold)",Monthly Habitat Compression Index over 35.5-40N,nan,nan,2.0,1.0,1986-03-01
1986,4,0.1746724890829694,nan,nan,nan,"Habitat Area (fraction below monthly threshold)",Monthly Habitat Compression Index over 35.5-40N,nan,nan,2.0,1.0,1986-04-01
1986,5,0.4563318777292576,nan,nan,nan,"Habitat Area (fraction below monthly threshold)",Monthly Habitat Compression Index over 35.5-40N,nan,nan,2.0,1.0,1986-05-01
1986,6,0.148471615720524,nan,nan,nan,"Habitat Area (fraction below monthly threshold)",Monthly Habitat Compression Index over 35.5-40N,nan,nan,2.0,1.0,1986-06-01
1986,7,0.4737991266375546,nan,nan,nan,"Habitat Area (fraction below monthly threshold)",Monthly Habitat Compression Index over 35.5-40N,nan,nan,2.0,1.0,1986-07-01
1986,8,0.6779475982532751,nan,nan,nan,"Habitat Area (fraction below monthly threshold)",Monthly Habitat Compression Index over 35.5-40N,nan,nan,2.0,1.0,1986-08-01
1986,9,0.3089519650655022,nan,nan,nan,"Habitat Area (fraction below monthly threshold)",Monthly Habitat Compression Index over 35.5-40N,nan,nan,2.0,1.0,1986-09-01
1986,10,0.4530567685589519,nan,nan,nan,"Habitat Area (fraction below monthly threshold)",Monthly Habitat Compression Index over 35.5-40N,nan,nan,2.0,1.0,1986-10-01
1986,11,0.2117903930131004,nan,nan,nan,"Habitat Area (fraction below monthly threshold)",Monthly Habitat Compression Index over 35.5-40N,nan,nan,2.0,1.0,1986-11-01
1986,12,0.0021834061135371,nan,nan,nan,"Habitat Area (fraction below monthly threshold)",Monthly Habitat Compression Index over 35.5-40N,nan,nan,2.0,1.0,1986-12-01
1987,1,0.2838427947598253,nan,nan,nan,"Habitat Area (fraction below monthly threshold)",Monthly Habitat Compression Index over 35.5-40N,nan,nan,2.0,1.0,1987-01-01
1987,2,0.1222707423580786,nan,nan,nan,"Habitat Area (fraction below monthly threshold)",Monthly Habitat Compression Index over 35.5-40N,nan,nan,2.0,1.0,1987-02-01
1987,3,0.3580786026200873,nan,nan,nan,"Habitat Area (fraction below monthly threshold)",Monthly Habitat Compression Index over 35.5-40N,nan,nan,2.0,1.0,1987-03-01
1987,4,0.1724890829694323,nan,nan,nan,"Habitat Area (fraction below monthly threshold)",Monthly Habitat Compression Index over 35.5-40N,nan,nan,2.0,1.0,1987-04-01
1987,5,0.2063318777292576,nan,nan,nan,"Habitat Area (fraction below monthly threshold)",Monthly Habitat Compression Index over 35.5-40N,nan,nan,2.0,1.0,1987-05-01
1987,6,0.2620087336244541,nan,nan,nan,"Habitat Area (fraction below monthly threshold)",Monthly Habitat Compression Index over 35.5-40N,nan,nan,2.0,1.0,1987-06-01
1987,7,0.1746724890829694,nan,nan,nan,"Habitat Area (fraction below monthly threshold)",Monthly Habitat Compression Index over 35.5-40N,nan,nan,2.0,1.0,1987-07-01
1987,8,0.4956331877729257,nan,nan,nan,"Habitat Area (fraction below monthly threshold)",Monthly Habitat Compression Index over 35.5-40N,nan,nan,2.0,1.0,1987-08-01
1987,9,0.2248908296943231,nan,nan,nan,"Habitat Area (fraction below monthly threshold)",Monthly Habitat Compression Index over 35.5-40N,nan,nan,2.0,1.0,1987-09-01
1987,10,0.222707423580786,nan,nan,nan,"Habitat Area (fraction below monthly threshold)",Monthly Habitat Compression Index over 35.5-40N,nan,nan,2.0,1.0,1987-10-01
1987,11,0.0600436681222707,nan,nan,nan,"Habitat Area (fraction below monthly threshold)",Monthly Habitat Compression Index over 35.5-40N,nan,nan,2.0,1.0,1987-11-01
1987,12,0.2467248908296943,nan,nan,nan,"Habitat Area (fraction below monthly threshold)",Monthly Habitat Compression Index over 35.5-40N,nan,nan,2.0,1.0,1987-12-01
1988,1,0.918122270742358,nan,nan,nan,"Habitat Area (fraction below monthly threshold)",Monthly Habitat Compression Index over 35.5-40N,nan,nan,2.0,1.0,1988-01-01
1988,2,0.6681222707423581,nan,nan,nan,"Habitat Area (fraction below monthly threshold)",Monthly Habitat Compression Index over 35.5-40N,nan,nan,2.0,1.0,1988-02-01
1988,3,0.6277292576419214,nan,nan,nan,"Habitat Area (fraction below monthly threshold)",Monthly Habitat Compression Index over 35.5-40N,nan,nan,2.0,1.0,1988-03-01
1988,4,0.1812227074235808,nan,nan,nan,"Habitat Area (fraction below monthly threshold)",Monthly Habitat Compression Index over 35.5-40N,nan,nan,2.0,1.0,1988-04-01
1988,5,0.2609170305676856,nan,nan,nan,"Habitat Area (fraction below monthly threshold)",Monthly Habitat Compression Index over 35.5-40N,nan,nan,2.0,1.0,1988-05-01
1988,6,0.1757641921397379,nan,nan,nan,"Habitat Area (fraction below monthly threshold)",Monthly Habitat Compression Index over 35.5-40N,nan,nan,2.0,1.0,1988-06-01
1988,7,0.5458515283842795,nan,nan,nan,"Habitat Area (fraction below monthly threshold)",Monthly Habitat Compression Index over 35.5-40N,nan,nan,2.0,1.0,1988-07-01
1988,8,0.5327510917030568,nan,nan,nan,"Habitat Area (fraction below monthly threshold)",Monthly Habitat Compression Index over 35.5-40N,nan,nan,2.0,1.0,1988-08-01
1988,9,0.7347161572052402,nan,nan,nan,"Habitat Area (fraction below monthly threshold)",Monthly Habitat Compression Index over 35.5-40N,nan,nan,2.0,1.0,1988-09-01
1988,10,0.8624454148471615,nan,nan,nan,"Habitat Area (fraction below monthly threshold)",Monthly Habitat Compression Index over 35.5-40N,nan,nan,2.0,1.0,1988-10-01
1988,11,0.675764192139738,nan,nan,nan,"Habitat Area (fraction below monthly threshold)",Monthly Habitat Compression Index over 35.5-40N,nan,nan,2.0,1.0,1988-11-01
1988,12,0.6954148471615721,nan,nan,nan,"Habitat Area (fraction below monthly threshold)",Monthly Habitat Compression Index over 35.5-40N,nan,nan,2.0,1.0,1988-12-01
1989,1,1.0,nan,nan,nan,"Habitat Area (fraction below monthly threshold)",Monthly Habitat Compression Index over 35.5-40N,nan,nan,2.0,1.0,1989-01-01
1989,2,1.0,nan,nan,nan,"Habitat Area (fraction below monthly threshold)",Monthly Habitat Compression Index over 35.5-40N,nan,nan,2.0,1.0,1989-02-01
1989,3,0.8820960698689956,nan,nan,nan,"Habitat Area (fraction below monthly threshold)",Monthly Habitat Compression Index over 35.5-40N,nan,nan,2.0,1.0,1989-03-01
1989,4,0.084061135371179,nan,nan,nan,"Habitat Area (fraction below monthly threshold)",Monthly Habitat Compression Index over 35.5-40N,nan,nan,2.0,1.0,1989-04-01
1989,5,0.2030567685589519,nan,nan,nan,"Habitat Area (fraction below monthly threshold)",Monthly Habitat Compression Index over 35.5-40N,nan,nan,2.0,1.0,1989-05-01
1989,6,0.2914847161572052,nan,nan,nan,"Habitat Area (fraction below monthly threshold)",Monthly Habitat Compression Index over 35.5-40N,nan,nan,2.0,1.0,1989-06-01
1989,7,0.4497816593886463,nan,nan,nan,"Habitat Area (fraction below monthly threshold)",Monthly Habitat Compression Index over 35.5-40N,nan,nan,2.0,1.0,1989-07-01
1989,8,0.7194323144104804,nan,nan,nan,"Habitat Area (fraction below monthly threshold)",Monthly Habitat Compression Index over 35.5-40N,nan,nan,2.0,1.0,1989-08-01
1989,9,0.2576419213973799,nan,nan,nan,"Habitat Area (fraction below monthly threshold)",Monthly Habitat Compression Index over 35.5-40N,nan,nan,2.0,1.0,1989-09-01
1989,10,0.3296943231441048,nan,nan,nan,"Habitat Area (fraction below monthly threshold)",Monthly Habitat Compression Index over 35.5-40N,nan,nan,2.0,1.0,1989-10-01
1989,11,0.1713973799126637,nan,nan,nan,"Habitat Area (fraction below monthly threshold)",Monthly Habitat Compression Index over 35.5-40N,nan,nan,2.0,1.0,1989-11-01
1989,12,0.0141921397379912,nan,nan,nan,"Habitat Area (fraction below monthly threshold)",Monthly Habitat Compression Index over 35.5-40N,nan,nan,2.0,1.0,1989-12-01
1990,1,0.5993449781659389,nan,nan,nan,"Habitat Area (fraction below monthly threshold)",Monthly Habitat Compression Index over 35.5-40N,nan,nan,2.0,1.0,1990-01-01
1990,2,0.8438864628820961,nan,nan,nan,"Habitat Area (fraction below monthly threshold)",Monthly Habitat Compression Index over 35.5-40N,nan,nan,2.0,1.0,1990-02-01
1990,3,0.9770742358078602,nan,nan,nan,"Habitat Area (fraction below monthly threshold)",Monthly Habitat Compression Index over 35.5-40N,nan,nan,2.0,1.0,1990-03-01
1990,4,0.1604803493449781,nan,nan,nan,"Habitat Area (fraction below monthly threshold)",Monthly Habitat Compression Index over 35.5-40N,nan,nan,2.0,1.0,1990-04-01
1990,5,0.4858078602620087,nan,nan,nan,"Habitat Area (fraction below monthly threshold)",Monthly Habitat Compression Index over 35.5-40N,nan,nan,2.0,1.0,1990-05-01
1990,6,0.131004366812227,nan,nan,nan,"Habitat Area (fraction below monthly threshold)",Monthly Habitat Compression Index over 35.5-40N,nan,nan,2.0,1.0,1990-06-01
1990,7,0.0960698689956331,nan,nan,nan,"Habitat Area (fraction below monthly threshold)",Monthly Habitat Compression Index over 35.5-40N,nan,nan,2.0,1.0,1990-07-01
1990,8,0.0895196506550218,nan,nan,nan,"Habitat Area (fraction below monthly threshold)",Monthly Habitat Compression Index over 35.5-40N,nan,nan,2.0,1.0,1990-08-01
1990,9,0.0382096069868995,nan,nan,nan,"Habitat Area (fraction below monthly threshold)",Monthly Habitat Compression Index over 35.5-40N,nan,nan,2.0,1.0,1990-09-01
1990,10,0.4465065502183406,nan,nan,nan,"Habitat Area (fraction below monthly threshold)",Monthly Habitat Compression Index over 35.5-40N,nan,nan,2.0,1.0,1990-10-01
1990,11,0.4268558951965066,nan,nan,nan,"Habitat Area (fraction below monthly threshold)",Monthly Habitat Compression Index over 35.5-40N,nan,nan,2.0,1.0,1990-11-01
1990,12,0.6233624454148472,nan,nan,nan,"Habitat Area (fraction below monthly threshold)",Monthly Habitat Compression Index over 35.5-40N,nan,nan,2.0,1.0,1990-12-01
1991,1,0.9847161572052402,nan,nan,nan,"Habitat Area (fraction below monthly threshold)",Monthly Habitat Compression Index over 35.5-40N,nan,nan,2.0,1.0,1991-01-01
1991,2,0.767467248908297,nan,nan,nan,"Habitat Area (fraction below monthly threshold)",Monthly Habitat Compression Index over 35.5-40N,nan,nan,2.0,1.0,1991-02-01
1991,3,0.7740174672489083,nan,nan,nan,"Habitat Area (fraction below monthly threshold)",Monthly Habitat Compression Index over 35.5-40N,nan,nan,2.0,1.0,1991-03-01
1991,4,0.8013100436681223,nan,nan,nan,"Habitat Area (fraction below monthly threshold)",Monthly Habitat Compression Index over 35.5-40N,nan,nan,2.0,1.0,1991-04-01
1991,5,0.980349344978166,nan,nan,nan,"Habitat Area (fraction below monthly threshold)",Monthly Habitat Compression Index over 35.5-40N,nan,nan,2.0,1.0,1991-05-01
1991,6,0.8296943231441049,nan,nan,nan,"Habitat Area (fraction below monthly threshold)",Monthly Habitat Compression Index over 35.5-40N,nan,nan,2.0,1.0,1991-06-01
1991,7,0.5818777292576419,nan,nan,nan,"Habitat Area (fraction below monthly threshold)",Monthly Habitat Compression Index over 35.5-40N,nan,nan,2.0,1.0,1991-07-01
1991,8,0.2543668122270742,nan,nan,nan,"Habitat Area (fraction below monthly threshold)",Monthly Habitat Compression Index over 35.5-40N,nan,nan,2.0,1.0,1991-08-01
1991,9,0.2794759825327511,nan,nan,nan,"Habitat Area (fraction below monthly threshold)",Monthly Habitat Compression Index over 35.5-40N,nan,nan,2.0,1.0,1991-09-01
1991,10,0.3122270742358078,nan,nan,nan,"Habitat Area (fraction below monthly threshold)",Monthly Habitat Compression Index over 35.5-40N,nan,nan,2.0,1.0,1991-10-01
1991,11,0.517467248908297,nan,nan,nan,"Habitat Area (fraction below monthly threshold)",Monthly Habitat Compression Index over 35.5-40N,nan,nan,2.0,1.0,1991-11-01
1991,12,0.675764192139738,nan,nan,nan,"Habitat Area (fraction below monthly threshold)",Monthly Habitat Compression Index over 35.5-40N,nan,nan,2.0,1.0,1991-12-01
1992,1,0.6604803493449781,nan,nan,nan,"Habitat Area (fraction below monthly threshold)",Monthly Habitat Compression Index over 35.5-40N,nan,nan,2.0,1.0,1992-01-01
1992,2,0.0021834061135371,nan,nan,nan,"Habitat Area (fraction below monthly threshold)",Monthly Habitat Compression Index over 35.5-40N,nan,nan,2.0,1.0,1992-02-01
1992,3,0.0,nan,nan,nan,"Habitat Area (fraction below monthly threshold)",Monthly Habitat Compression Index over 35.5-40N,nan,nan,2.0,1.0,1992-03-01
1992,4,0.0,nan,nan,nan,"Habitat Area (fraction below monthly threshold)",Monthly Habitat Compression Index over 35.5-40N,nan,nan,2.0,1.0,1992-04-01
1992,5,0.0,nan,nan,nan,"Habitat Area (fraction below monthly threshold)",Monthly Habitat Compression Index over 35.5-40N,nan,nan,2.0,1.0,1992-05-01
1992,6,0.0491266375545851,nan,nan,nan,"Habitat Area (fraction below monthly threshold)",Monthly Habitat Compression Index over 35.5-40N,nan,nan,2.0,1.0,1992-06-01
1992,7,0.029475982532751,nan,nan,nan,"Habitat Area (fraction below monthly threshold)",Monthly Habitat Compression Index over 35.5-40N,nan,nan,2.0,1.0,1992-07-01
1992,8,0.2631004366812227,nan,nan,nan,"Habitat Area (fraction below monthly threshold)",Monthly Habitat Compression Index over 35.5-40N,nan,nan,2.0,1.0,1992-08-01
1992,9,0.1779475982532751,nan,nan,nan,"Habitat Area (fraction below monthly threshold)",Monthly Habitat Compression Index over 35.5-40N,nan,nan,2.0,1.0,1992-09-01
1992,10,0.0534934497816593,nan,nan,nan,"Habitat Area (fraction below monthly threshold)",Monthly Habitat Compression Index over 35.5-40N,nan,nan,2.0,1.0,1992-10-01
1992,11,0.0141921397379912,nan,nan,nan,"Habitat Area (fraction below monthly threshold)",Monthly Habitat Compression Index over 35.5-40N,nan,nan,2.0,1.0,1992-11-01
1992,12,0.0906113537117904,nan,nan,nan,"Habitat Area (fraction below monthly threshold)",Monthly Habitat Compression Index over 35.5-40N,nan,nan,2.0,1.0,1992-12-01
1993,1,0.601528384279476,nan,nan,nan,"Habitat Area (fraction below monthly threshold)",Monthly Habitat Compression Index over 35.5-40N,nan,nan,2.0,1.0,1993-01-01
1993,2,0.1910480349344978,nan,nan,nan,"Habitat Area (fraction below monthly threshold)",Monthly Habitat Compression Index over 35.5-40N,nan,nan,2.0,1.0,1993-02-01
1993,3,0.056768558951965,nan,nan,nan,"Habitat Area (fraction below monthly threshold)",Monthly Habitat Compression Index over 35.5-40N,nan,nan,2.0,1.0,1993-03-01
1993,4,0.0032751091703056,nan,nan,nan,"Habitat Area (fraction below monthly threshold)",Monthly Habitat Compression Index over 35.5-40N,nan,nan,2.0,1.0,1993-04-01
1993,5,0.0,nan,nan,nan,"Habitat Area (fraction below monthly threshold)",Monthly Habitat Compression Index over 35.5-40N,nan,nan,2.0,1.0,1993-05-01
1993,6,0.0338427947598253,nan,nan,nan,"Habitat Area (fraction below monthly threshold)",Monthly Habitat Compression Index over 35.5-40N,nan,nan,2.0,1.0,1993-06-01
1993,7,0.324235807860262,nan,nan,nan,"Habitat Area (fraction below monthly threshold)",Monthly Habitat Compression Index over 35.5-40N,nan,nan,2.0,1.0,1993-07-01
1993,8,0.1899563318777292,nan,nan,nan,"Habitat Area (fraction below monthly threshold)",Monthly Habitat Compression Index over 35.5-40N,nan,nan,2.0,1.0,1993-08-01
1993,9,0.3089519650655022,nan,nan,nan,"Habitat Area (fraction below monthly threshold)",Monthly Habitat Compression Index over 35.5-40N,nan,nan,2.0,1.0,1993-09-01
1993,10,0.1670305676855895,nan,nan,nan,"Habitat Area (fraction below monthly threshold)",Monthly Habitat Compression Index over 35.5-40N,nan,nan,2.0,1.0,1993-10-01
1993,11,0.1823144104803493,nan,nan,nan,"Habitat Area (fraction below monthly threshold)",Monthly Habitat Compression Index over 35.5-40N,nan,nan,2.0,1.0,1993-11-01
1993,12,0.2030567685589519,nan,nan,nan,"Habitat Area (fraction below monthly threshold)",Monthly Habitat Compression Index over 35.5-40N,nan,nan,2.0,1.0,1993-12-01
1994,1,0.0873362445414847,nan,nan,nan,"Habitat Area (fraction below monthly threshold)",Monthly Habitat Compression Index over 35.5-40N,nan,nan,2.0,1.0,1994-01-01
1994,2,0.2849344978165939,nan,nan,nan,"Habitat Area (fraction below monthly threshold)",Monthly Habitat Compression Index over 35.5-40N,nan,nan,2.0,1.0,1994-02-01
1994,3,0.0414847161572052,nan,nan,nan,"Habitat Area (fraction below monthly threshold)",Monthly Habitat Compression Index over 35.5-40N,nan,nan,2.0,1.0,1994-03-01
1994,4,0.1462882096069869,nan,nan,nan,"Habitat Area (fraction below monthly threshold)",Monthly Habitat Compression Index over 35.5-40N,nan,nan,2.0,1.0,1994-04-01
1994,5,0.232532751091703,nan,nan,nan,"Habitat Area (fraction below monthly threshold)",Monthly Habitat Compression Index over 35.5-40N,nan,nan,2.0,1.0,1994-05-01
1994,6,0.2980349344978166,nan,nan,nan,"Habitat Area (fraction below monthly threshold)",Monthly Habitat Compression Index over 35.5-40N,nan,nan,2.0,1.0,1994-06-01
1994,7,0.5,nan,nan,nan,"Habitat Area (fraction below monthly threshold)",Monthly Habitat Compression Index over 35.5-40N,nan,nan,2.0,1.0,1994-07-01
1994,8,0.3056768558951965,nan,nan,nan,"Habitat Area (fraction below monthly threshold)",Monthly Habitat Compression Index over 35.5-40N,nan,nan,2.0,1.0,1994-08-01
1994,9,0.0644104803493449,nan,nan,nan,"Habitat Area (fraction below monthly threshold)",Monthly Habitat Compression Index over 35.5-40N,nan,nan,2.0,1.0,1994-09-01
1994,10,0.3777292576419214,nan,nan,nan,"Habitat Area (fraction below monthly threshold)",Monthly Habitat Compression Index over 35.5-40N,nan,nan,2.0,1.0,1994-10-01
1994,11,0.777292576419214,nan,nan,nan,"Habitat Area (fraction below monthly threshold)",Monthly Habitat Compression Index over 35.5-40N,nan,nan,2.0,1.0,1994-11-01
1994,12,0.6255458515283843,nan,nan,nan,"Habitat Area (fraction below monthly threshold)",Monthly Habitat Compression Index over 35.5-40N,nan,nan,2.0,1.0,1994-12-01
1995,1,0.7805676855895196,nan,nan,nan,"Habitat Area (fraction below monthly threshold)",Monthly Habitat Compression Index over 35.5-40N,nan,nan,2.0,1.0,1995-01-01
1995,2,0.0327510917030567,nan,nan,nan,"Habitat Area (fraction below monthly threshold)",Monthly Habitat Compression Index over 35.5-40N,nan,nan,2.0,1.0,1995-02-01
1995,3,0.0218340611353711,nan,nan,nan,"Habitat Area (fraction below monthly threshold)",Monthly Habitat Compression Index over 35.5-40N,nan,nan,2.0,1.0,1995-03-01
1995,4,0.0644104803493449,nan,nan,nan,"Habitat Area (fraction below monthly threshold)",Monthly Habitat Compression Index over 35.5-40N,nan,nan,2.0,1.0,1995-04-01
1995,5,0.0971615720524017,nan,nan,nan,"Habitat Area (fraction below monthly threshold)",Monthly Habitat Compression Index over 35.5-40N,nan,nan,2.0,1.0,1995-05-01
1995,6,0.1539301310043668,nan,nan,nan,"Habitat Area (fraction below monthly threshold)",Monthly Habitat Compression Index over 35.5-40N,nan,nan,2.0,1.0,1995-06-01
1995,7,0.0272925764192139,nan,nan,nan,"Habitat Area (fraction below monthly threshold)",Monthly Habitat Compression Index over 35.5-40N,nan,nan,2.0,1.0,1995-07-01
1995,8,0.12117903930131,nan,nan,nan,"Habitat Area (fraction below monthly threshold)",Monthly Habitat Compression Index over 35.5-40N,nan,nan,2.0,1.0,1995-08-01
1995,9,0.029475982532751,nan,nan,nan,"Habitat Area (fraction below monthly threshold)",Monthly Habitat Compression Index over 35.5-40N,nan,nan,2.0,1.0,1995-09-01
1995,10,0.12117903930131,nan,nan,nan,"Habitat Area (fraction below monthly threshold)",Monthly Habitat Compression Index over 35.5-40N,nan,nan,2.0,1.0,1995-10-01
1995,11,0.2161572052401746,nan,nan,nan,"Habitat Area (fraction below monthly threshold)",Monthly Habitat Compression Index over 35.5-40N,nan,nan,2.0,1.0,1995-11-01
1995,12,0.0021834061135371,nan,nan,nan,"Habitat Area (fraction below monthly threshold)",Monthly Habitat Compression Index over 35.5-40N,nan,nan,2.0,1.0,1995-12-01
1996,1,0.0218340611353711,nan,nan,nan,"Habitat Area (fraction below monthly threshold)",Monthly Habitat Compression Index over 35.5-40N,nan,nan,2.0,1.0,1996-01-01
1996,2,0.0,nan,nan,nan,"Habitat Area (fraction below monthly threshold)",Monthly Habitat Compression Index over 35.5-40N,nan,nan,2.0,1.0,1996-02-01
1996,3,0.029475982532751,nan,nan,nan,"Habitat Area (fraction below monthly threshold)",Monthly Habitat Compression Index over 35.5-40N,nan,nan,2.0,1.0,1996-03-01
1996,4,0.0021834061135371,nan,nan,nan,"Habitat Area (fraction below monthly threshold)",Monthly Habitat Compression Index over 35.5-40N,nan,nan,2.0,1.0,1996-04-01
1996,5,0.1506550218340611,nan,nan,nan,"Habitat Area (fraction below monthly threshold)",Monthly Habitat Compression Index over 35.5-40N,nan,nan,2.0,1.0,1996-05-01
1996,6,0.5349344978165939,nan,nan,nan,"Habitat Area (fraction below monthly threshold)",Monthly Habitat Compression Index over 35.5-40N,nan,nan,2.0,1.0,1996-06-01
1996,7,0.4661572052401747,nan,nan,nan,"Habitat Area (fraction below monthly threshold)",Monthly Habitat Compression Index over 35.5-40N,nan,nan,2.0,1.0,1996-07-01
1996,8,0.6037117903930131,nan,nan,nan,"Habitat Area (fraction below monthly threshold)",Monthly Habitat Compression Index over 35.5-40N,nan,nan,2.0,1.0,1996-08-01
1996,9,0.4432314410480349,nan,nan,nan,"Habitat Area (fraction below monthly threshold)",Monthly Habitat Compression Index over 35.5-40N,nan,nan,2.0,1.0,1996-09-01
1996,10,0.4737991266375546,nan,nan,nan,"Habitat Area (fraction below monthly threshold)",Monthly Habitat Compression Index over 35.5-40N,nan,nan,2.0,1.0,1996-10-01
1996,11,0.4596069868995633,nan,nan,nan,"Habitat Area (fraction below monthly threshold)",Monthly Habitat Compression Index over 35.5-40N,nan,nan,2.0,1.0,1996-11-01
1996,12,0.1757641921397379,nan,nan,nan,"Habitat Area (fraction below monthly threshold)",Monthly Habitat Compression Index over 35.5-40N,nan,nan,2.0,1.0,1996-12-01
1997,1,0.3067685589519651,nan,nan,nan,"Habitat Area (fraction below monthly threshold)",Monthly Habitat Compression Index over 35.5-40N,nan,nan,2.0,1.0,1997-01-01
1997,2,0.2849344978165939,nan,nan,nan,"Habitat Area (fraction below monthly threshold)",Monthly Habitat Compression Index over 35.5-40N,nan,nan,2.0,1.0,1997-02-01
1997,3,0.6299126637554585,nan,nan,nan,"Habitat Area (fraction below monthly threshold)",Monthly Habitat Compression Index over 35.5-40N,nan,nan,2.0,1.0,1997-03-01
1997,4,0.1812227074235808,nan,nan,nan,"Habitat Area (fraction below monthly threshold)",Monthly Habitat Compression Index over 35.5-40N,nan,nan,2.0,1.0,1997-04-01
1997,5,0.0,nan,nan,nan,"Habitat Area (fraction below monthly threshold)",Monthly Habitat Compression Index over 35.5-40N,nan,nan,2.0,1.0,1997-05-01
1997,6,0.0513100436681222,nan,nan,nan,"Habitat Area (fraction below monthly threshold)",Monthly Habitat Compression Index over 35.5-40N,nan,nan,2.0,1.0,1997-06-01
1997,7,0.1724890829694323,nan,nan,nan,"Habitat Area (fraction below monthly threshold)",Monthly Habitat Compression Index over 35.5-40N,nan,nan,2.0,1.0,1997-07-01
1997,8,0.0021834061135371,nan,nan,nan,"Habitat Area (fraction below monthly threshold)",Monthly Habitat Compression Index over 35.5-40N,nan,nan,2.0,1.0,1997-08-01
1997,9,0.0,nan,nan,nan,"Habitat Area (fraction below monthly threshold)",Monthly Habitat Compression Index over 35.5-40N,nan,nan,2.0,1.0,1997-09-01
1997,10,0.0524017467248908,nan,nan,nan,"Habitat Area (fraction below monthly threshold)",Monthly Habitat Compression Index over 35.5-40N,nan,nan,2.0,1.0,1997-10-01
1997,11,0.0,nan,nan,nan,"Habitat Area (fraction below monthly threshold)",Monthly Habitat Compression Index over 35.5-40N,nan,nan,2.0,1.0,1997-11-01
1997,12,0.0,nan,nan,nan,"Habitat Area (fraction below monthly threshold)",Monthly Habitat Compression Index over 35.5-40N,nan,nan,2.0,1.0,1997-12-01
1998,1,0.0,nan,nan,nan,"Habitat Area (fraction below monthly threshold)",Monthly Habitat Compression Index over 35.5-40N,nan,nan,2.0,1.0,1998-01-01
1998,2,0.0,nan,nan,nan,"Habitat Area (fraction below monthly threshold)",Monthly Habitat Compression Index over 35.5-40N,nan,nan,2.0,1.0,1998-02-01
1998,3,0.0,nan,nan,nan,"Habitat Area (fraction below monthly threshold)",Monthly Habitat Compression Index over 35.5-40N,nan,nan,2.0,1.0,1998-03-01
1998,4,0.0764192139737991,nan,nan,nan,"Habitat Area (fraction below monthly threshold)",Monthly Habitat Compression Index over 35.5-40N,nan,nan,2.0,1.0,1998-04-01
1998,5,0.0043668122270742,nan,nan,nan,"Habitat Area (fraction below monthly threshold)",Monthly Habitat Compression Index over 35.5-40N,nan,nan,2.0,1.0,1998-05-01
1998,6,0.0065502183406113,nan,nan,nan,"Habitat Area (fraction below monthly threshold)",Monthly Habitat Compression Index over 35.5-40N,nan,nan,2.0,1.0,1998-06-01
1998,7,0.1986899563318777,nan,nan,nan,"Habitat Area (fraction below monthly threshold)",Monthly Habitat Compression Index over 35.5-40N,nan,nan,2.0,1.0,1998-07-01
1998,8,0.2368995633187773,nan,nan,nan,"Habitat Area (fraction below monthly threshold)",Monthly Habitat Compression Index over 35.5-40N,nan,nan,2.0,1.0,1998-08-01
1998,9,0.2412663755458515,nan,nan,nan,"Habitat Area (fraction below monthly threshold)",Monthly Habitat Compression Index over 35.5-40N,nan,nan,2.0,1.0,1998-09-01
1998,10,0.3930131004366812,nan,nan,nan,"Habitat Area (fraction below monthly threshold)",Monthly Habitat Compression Index over 35.5-40N,nan,nan,2.0,1.0,1998-10-01
1998,11,0.3700873362445415,nan,nan,nan,"Habitat Area (fraction below monthly threshold)",Monthly Habitat Compression Index over 35.5-40N,nan,nan,2.0,1.0,1998-11-01
1998,12,0.5862445414847162,nan,nan,nan,"Habitat Area (fraction below monthly threshold)",Monthly Habitat Compression Index over 35.5-40N,nan,nan,2.0,1.0,1998-12-01
1999,1,0.9792576419213974,nan,nan,nan,"Habitat Area (fraction below monthly threshold)",Monthly Habitat Compression Index over 35.5-40N,nan,nan,2.0,1.0,1999-01-01
1999,2,0.9868995633187772,nan,nan,nan,"Habitat Area (fraction below monthly threshold)",Monthly Habitat Compression Index over 35.5-40N,nan,nan,2.0,1.0,1999-02-01
1999,3,0.9967248908296944,nan,nan,nan,"Habitat Area (fraction below monthly threshold)",Monthly Habitat Compression Index over 35.5-40N,nan,nan,2.0,1.0,1999-03-01
1999,4,0.8668122270742358,nan,nan,nan,"Habitat Area (fraction below monthly threshold)",Monthly Habitat Compression Index over 35.5-40N,nan,nan,2.0,1.0,1999-04-01
1999,5,0.9847161572052402,nan,nan,nan,"Habitat Area (fraction below monthly threshold)",Monthly Habitat Compression Index over 35.5-40N,nan,nan,2.0,1.0,1999-05-01
1999,6,0.7183406113537117,nan,nan,nan,"Habitat Area (fraction below monthly threshold)",Monthly Habitat Compression Index over 35.5-40N,nan,nan,2.0,1.0,1999-06-01
1999,7,0.5294759825327511,nan,nan,nan,"Habitat Area (fraction below monthly threshold)",Monthly Habitat Compression Index over 35.5-40N,nan,nan,2.0,1.0,1999-07-01
1999,8,0.222707423580786,nan,nan,nan,"Habitat Area (fraction below monthly threshold)",Monthly Habitat Compression Index over 35.5-40N,nan,nan,2.0,1.0,1999-08-01
1999,9,0.3100436681222707,nan,nan,nan,"Habitat Area (fraction below monthly threshold)",Monthly Habitat Compression Index over 35.5-40N,nan,nan,2.0,1.0,1999-09-01
1999,10,0.517467248908297,nan,nan,nan,"Habitat Area (fraction below monthly threshold)",Monthly Habitat Compression Index over 35.5-40N,nan,nan,2.0,1.0,1999-10-01
1999,11,0.3820960698689956,nan,nan,nan,"Habitat Area (fraction below monthly threshold)",Monthly Habitat Compression Index over 35.5-40N,nan,nan,2.0,1.0,1999-11-01
1999,12,0.5218340611353712,nan,nan,nan,"Habitat Area (fraction below monthly threshold)",Monthly Habitat Compression Index over 35.5-40N,nan,nan,2.0,1.0,1999-12-01
2000,1,0.9847161572052402,nan,nan,nan,"Habitat Area (fraction below monthly threshold)",Monthly Habitat Compression Index over 35.5-40N,nan,nan,2.0,1.0,2000-01-01
2000,2,0.2991266375545851,nan,nan,nan,"Habitat Area (fraction below monthly threshold)",Monthly Habitat Compression Index over 35.5-40N,nan,nan,2.0,1.0,2000-02-01
2000,3,0.7270742358078602,nan,nan,nan,"Habitat Area (fraction below monthly threshold)",Monthly Habitat Compression Index over 35.5-40N,nan,nan,2.0,1.0,2000-03-01
2000,4,0.1288209606986899,nan,nan,nan,"Habitat Area (fraction below monthly threshold)",Monthly Habitat Compression Index over 35.5-40N,nan,nan,2.0,1.0,2000-04-01
2000,5,0.1528384279475982,nan,nan,nan,"Habitat Area (fraction below monthly threshold)",Monthly Habitat Compression Index over 35.5-40N,nan,nan,2.0,1.0,2000-05-01
2000,6,0.1943231441048035,nan,nan,nan,"Habitat Area (fraction below monthly threshold)",Monthly Habitat Compression Index over 35.5-40N,nan,nan,2.0,1.0,2000-06-01
2000,7,0.3187772925764192,nan,nan,nan,"Habitat Area (fraction below monthly threshold)",Monthly Habitat Compression Index over 35.5-40N,nan,nan,2.0,1.0,2000-07-01
2000,8,0.5065502183406113,nan,nan,nan,"Habitat Area (fraction below monthly threshold)",Monthly Habitat Compression Index over 35.5-40N,nan,nan,2.0,1.0,2000-08-01
2000,9,0.1823144104803493,nan,nan,nan,"Habitat Area (fraction below monthly threshold)",Monthly Habitat Compression Index over 35.5-40N,nan,nan,2.0,1.0,2000-09-01
2000,10,0.398471615720524,nan,nan,nan,"Habitat Area (fraction below monthly threshold)",Monthly Habitat Compression Index over 35.5-40N,nan,nan,2.0,1.0,2000-10-01
2000,11,0.732532751091703,nan,nan,nan,"Habitat Area (fraction below monthly threshold)",Monthly Habitat Compression Index over 35.5-40N,nan,nan,2.0,1.0,2000-11-01
2000,12,0.3373362445414847,nan,nan,nan,"Habitat Area (fraction below monthly threshold)",Monthly Habitat Compression Index over 35.5-40N,nan,nan,2.0,1.0,2000-12-01
2001,1,0.9093886462882096,nan,nan,nan,"Habitat Area (fraction below monthly threshold)",Monthly Habitat Compression Index over 35.5-40N,nan,nan,2.0,1.0,2001-01-01
2001,2,0.9759825327510916,nan,nan,nan,"Habitat Area (fraction below monthly threshold)",Monthly Habitat Compression Index over 35.5-40N,nan,nan,2.0,1.0,2001-02-01
2001,3,0.6703056768558951,nan,nan,nan,"Habitat Area (fraction below monthly threshold)",Monthly Habitat Compression Index over 35.5-40N,nan,nan,2.0,1.0,2001-03-01
2001,4,0.7194323144104804,nan,nan,nan,"Habitat Area (fraction below monthly threshold)",Monthly Habitat Compression Index over 35.5-40N,nan,nan,2.0,1.0,2001-04-01
2001,5,0.5818777292576419,nan,nan,nan,"Habitat Area (fraction below monthly threshold)",Monthly Habitat Compression Index over 35.5-40N,nan,nan,2.0,1.0,2001-05-01
2001,6,0.3657205240174672,nan,nan,nan,"Habitat Area (fraction below monthly threshold)",Monthly Habitat Compression Index over 35.5-40N,nan,nan,2.0,1.0,2001-06-01
2001,7,0.3209606986899563,nan,nan,nan,"Habitat Area (fraction below monthly threshold)",Monthly Habitat Compression Index over 35.5-40N,nan,nan,2.0,1.0,2001-07-01
2001,8,0.4181222707423581,nan,nan,nan,"Habitat Area (fraction below monthly threshold)",Monthly Habitat Compression Index over 35.5-40N,nan,nan,2.0,1.0,2001-08-01
2001,9,0.324235807860262,nan,nan,nan,"Habitat Area (fraction below monthly threshold)",Monthly Habitat Compression Index over 35.5-40N,nan,nan,2.0,1.0,2001-09-01
2001,10,0.5578602620087336,nan,nan,nan,"Habitat Area (fraction below monthly threshold)",Monthly Habitat Compression Index over 35.5-40N,nan,nan,2.0,1.0,2001-10-01
2001,11,0.4279475982532751,nan,nan,nan,"Habitat Area (fraction below monthly threshold)",Monthly Habitat Compression Index over 35.5-40N,nan,nan,2.0,1.0,2001-11-01
2001,12,0.7893013100436681,nan,nan,nan,"Habitat Area (fraction below monthly threshold)",Monthly Habitat Compression Index over 35.5-40N,nan,nan,2.0,1.0,2001-12-01
2002,1,0.9956331877729258,nan,nan,nan,"Habitat Area (fraction below monthly threshold)",Monthly Habitat Compression Index over 35.5-40N,nan,nan,2.0,1.0,2002-01-01
2002,2,0.9213973799126638,nan,nan,nan,"Habitat Area (fraction below monthly threshold)",Monthly Habitat Compression Index over 35.5-40N,nan,nan,2.0,1.0,2002-02-01
2002,3,0.7139737991266376,nan,nan,nan,"Habitat Area (fraction below monthly threshold)",Monthly Habitat Compression Index over 35.5-40N,nan,nan,2.0,1.0,2002-03-01
2002,4,0.5021834061135371,nan,nan,nan,"Habitat Area (fraction below monthly threshold)",Monthly Habitat Compression Index over 35.5-40N,nan,nan,2.0,1.0,2002-04-01
2002,5,0.8569868995633187,nan,nan,nan,"Habitat Area (fraction below monthly threshold)",Monthly Habitat Compression Index over 35.5-40N,nan,nan,2.0,1.0,2002-05-01
2002,6,0.5676855895196506,nan,nan,nan,"Habitat Area (fraction below monthly threshold)",Monthly Habitat Compression Index over 35.5-40N,nan,nan,2.0,1.0,2002-06-01
2002,7,0.3002183406113537,nan,nan,nan,"Habitat Area (fraction below monthly threshold)",Monthly Habitat Compression Index over 35.5-40N,nan,nan,2.0,1.0,2002-07-01
2002,8,0.5807860262008734,nan,nan,nan,"Habitat Area (fraction below monthly threshold)",Monthly Habitat Compression Index over 35.5-40N,nan,nan,2.0,1.0,2002-08-01
2002,9,0.5316593886462883,nan,nan,nan,"Habitat Area (fraction below monthly threshold)",Monthly Habitat Compression Index over 35.5-40N,nan,nan,2.0,1.0,2002-09-01
2002,10,0.6801310043668122,nan,nan,nan,"Habitat Area (fraction below monthly threshold)",Monthly Habitat Compression Index over 35.5-40N,nan,nan,2.0,1.0,2002-10-01
2002,11,0.6244541484716157,nan,nan,nan,"Habitat Area (fraction below monthly threshold)",Monthly Habitat Compression Index over 35.5-40N,nan,nan,2.0,1.0,2002-11-01
2002,12,0.0447598253275109,nan,nan,nan,"Habitat Area (fraction below monthly threshold)",Monthly Habitat Compression Index over 35.5-40N,nan,nan,2.0,1.0,2002-12-01
2003,1,0.0141921397379912,nan,nan,nan,"Habitat Area (fraction below monthly threshold)",Monthly Habitat Compression Index over 35.5-40N,nan,nan,2.0,1.0,2003-01-01
2003,2,0.0109170305676855,nan,nan,nan,"Habitat Area (fraction below monthly threshold)",Monthly Habitat Compression Index over 35.5-40N,nan,nan,2.0,1.0,2003-02-01
2003,3,0.2925764192139738,nan,nan,nan,"Habitat Area (fraction below monthly threshold)",Monthly Habitat Compression Index over 35.5-40N,nan,nan,2.0,1.0,2003-03-01
2003,4,0.0731441048034934,nan,nan,nan,"Habitat Area (fraction below monthly threshold)",Monthly Habitat Compression Index over 35.5-40N,nan,nan,2.0,1.0,2003-04-01
2003,5,0.3318777292576419,nan,nan,nan,"Habitat Area (fraction below monthly threshold)",Monthly Habitat Compression Index over 35.5-40N,nan,nan,2.0,1.0,2003-05-01
2003,6,0.3013100436681222,nan,nan,nan,"Habitat Area (fraction below monthly threshold)",Monthly Habitat Compression Index over 35.5-40N,nan,nan,2.0,1.0,2003-06-01
2003,7,0.3002183406113537,nan,nan,nan,"Habitat Area (fraction below monthly threshold)",Monthly Habitat Compression Index over 35.5-40N,nan,nan,2.0,1.0,2003-07-01
2003,8,0.0895196506550218,nan,nan,nan,"Habitat Area (fraction below monthly threshold)",Monthly Habitat Compression Index over 35.5-40N,nan,nan,2.0,1.0,2003-08-01
2003,9,0.1157205240174672,nan,nan,nan,"Habitat Area (fraction below monthly threshold)",Monthly Habitat Compression Index over 35.5-40N,nan,nan,2.0,1.0,2003-09-01
2003,10,0.5851528384279476,nan,nan,nan,"Habitat Area (fraction below monthly threshold)",Monthly Habitat Compression Index over 35.5-40N,nan,nan,2.0,1.0,2003-10-01
2003,11,0.4890829694323144,nan,nan,nan,"Habitat Area (fraction below monthly threshold)",Monthly Habitat Compression Index over 35.5-40N,nan,nan,2.0,1.0,2003-11-01
2003,12,0.2652838427947598,nan,nan,nan,"Habitat Area (fraction below monthly threshold)",Monthly Habitat Compression Index over 35.5-40N,nan,nan,2.0,1.0,2003-12-01
2004,1,0.7117903930131004,nan,nan,nan,"Habitat Area (fraction below monthly threshold)",Monthly Habitat Compression Index over 35.5-40N,nan,nan,2.0,1.0,2004-01-01
2004,2,0.4683406113537118,nan,nan,nan,"Habitat Area (fraction below monthly threshold)",Monthly Habitat Compression Index over 35.5-40N,nan,nan,2.0,1.0,2004-02-01
2004,3,0.398471615720524,nan,nan,nan,"Habitat Area (fraction below monthly threshold)",Monthly Habitat Compression Index over 35.5-40N,nan,nan,2.0,1.0,2004-03-01
2004,4,0.1451965065502183,nan,nan,nan,"Habitat Area (fraction below monthly threshold)",Monthly Habitat Compression Index over 35.5-40N,nan,nan,2.0,1.0,2004-04-01
2004,5,0.1386462882096069,nan,nan,nan,"Habitat Area (fraction below monthly threshold)",Monthly Habitat Compression Index over 35.5-40N,nan,nan,2.0,1.0,2004-05-01
2004,6,0.2663755458515284,nan,nan,nan,"Habitat Area (fraction below monthly threshold)",Monthly Habitat Compression Index over 35.5-40N,nan,nan,2.0,1.0,2004-06-01
2004,7,0.2172489082969432,nan,nan,nan,"Habitat Area (fraction below monthly threshold)",Monthly Habitat Compression Index over 35.5-40N,nan,nan,2.0,1.0,2004-07-01
2004,8,0.2543668122270742,nan,nan,nan,"Habitat Area (fraction below monthly threshold)",Monthly Habitat Compression Index over 35.5-40N,nan,nan,2.0,1.0,2004-08-01
2004,9,0.2456331877729257,nan,nan,nan,"Habitat Area (fraction below monthly threshold)",Monthly Habitat Compression Index over 35.5-40N,nan,nan,2.0,1.0,2004-09-01
2004,10,0.3384279475982533,nan,nan,nan,"Habitat Area (fraction below monthly threshold)",Monthly Habitat Compression Index over 35.5-40N,nan,nan,2.0,1.0,2004-10-01
2004,11,0.4312227074235807,nan,nan,nan,"Habitat Area (fraction below monthly threshold)",Monthly Habitat Compression Index over 35.5-40N,nan,nan,2.0,1.0,2004-11-01
2004,12,0.4945414847161572,nan,nan,nan,"Habitat Area (fraction below monthly threshold)",Monthly Habitat Compression Index over 35.5-40N,nan,nan,2.0,1.0,2004-12-01
2005,1,0.509825327510917,nan,nan,nan,"Habitat Area (fraction below monthly threshold)",Monthly Habitat Compression Index over 35.5-40N,nan,nan,2.0,1.0,2005-01-01
2005,2,0.1441048034934497,nan,nan,nan,"Habitat Area (fraction below monthly threshold)",Monthly Habitat Compression Index over 35.5-40N,nan,nan,2.0,1.0,2005-02-01
2005,3,0.0633187772925764,nan,nan,nan,"Habitat Area (fraction below monthly threshold)",Monthly Habitat Compression Index over 35.5-40N,nan,nan,2.0,1.0,2005-03-01
2005,4,0.0960698689956331,nan,nan,nan,"Habitat Area (fraction below monthly threshold)",Monthly Habitat Compression Index over 35.5-40N,nan,nan,2.0,1.0,2005-04-01
2005,5,0.0,nan,nan,nan,"Habitat Area (fraction below monthly threshold)",Monthly Habitat Compression Index over 35.5-40N,nan,nan,2.0,1.0,2005-05-01
2005,6,0.2401746724890829,nan,nan,nan,"Habitat Area (fraction below monthly threshold)",Monthly Habitat Compression Index over 35.5-40N,nan,nan,2.0,1.0,2005-06-01
2005,7,0.3548034934497817,nan,nan,nan,"Habitat Area (fraction below monthly threshold)",Monthly Habitat Compression Index over 35.5-40N,nan,nan,2.0,1.0,2005-07-01
2005,8,0.6244541484716157,nan,nan,nan,"Habitat Area (fraction below monthly threshold)",Monthly Habitat Compression Index over 35.5-40N,nan,nan,2.0,1.0,2005-08-01
2005,9,0.5502183406113537,nan,nan,nan,"Habitat Area (fraction below monthly threshold)",Monthly Habitat Compression Index over 35.5-40N,nan,nan,2.0,1.0,2005-09-01
2005,10,0.665938864628821,nan,nan,nan,"Habitat Area (fraction below monthly threshold)",Monthly Habitat Compression Index over 35.5-40N,nan,nan,2.0,1.0,2005-10-01
2005,11,0.3362445414847161,nan,nan,nan,"Habitat Area (fraction below monthly threshold)",Monthly Habitat Compression Index over 35.5-40N,nan,nan,2.0,1.0,2005-11-01
2005,12,0.1834061135371179,nan,nan,nan,"Habitat Area (fraction below monthly threshold)",Monthly Habitat Compression Index over 35.5-40N,nan,nan,2.0,1.0,2005-12-01
2006,1,0.148471615720524,nan,nan,nan,"Habitat Area (fraction below monthly threshold)",Monthly Habitat Compression Index over 35.5-40N,nan,nan,2.0,1.0,2006-01-01
2006,2,0.158296943231441,nan,nan,nan,"Habitat Area (fraction below monthly threshold)",Monthly Habitat Compression Index over 35.5-40N,nan,nan,2.0,1.0,2006-02-01
2006,3,0.6986899563318777,nan,nan,nan,"Habitat Area (fraction below monthly threshold)",Monthly Habitat Compression Index over 35.5-40N,nan,nan,2.0,1.0,2006-03-01
2006,4,0.1135371179039301,nan,nan,nan,"Habitat Area (fraction below monthly threshold)",Monthly Habitat Compression Index over 35.5-40N,nan,nan,2.0,1.0,2006-04-01
2006,5,0.314410480349345,nan,nan,nan,"Habitat Area (fraction below monthly threshold)",Monthly Habitat Compression Index over 35.5-40N,nan,nan,2.0,1.0,2006-05-01
2006,6,0.1386462882096069,nan,nan,nan,"Habitat Area (fraction below monthly threshold)",Monthly Habitat Compression Index over 35.5-40N,nan,nan,2.0,1.0,2006-06-01
2006,7,0.2019650655021834,nan,nan,nan,"Habitat Area (fraction below monthly threshold)",Monthly Habitat Compression Index over 35.5-40N,nan,nan,2.0,1.0,2006-07-01
2006,8,0.4181222707423581,nan,nan,nan,"Habitat Area (fraction below monthly threshold)",Monthly Habitat Compression Index over 35.5-40N,nan,nan,2.0,1.0,2006-08-01
2006,9,0.6888646288209607,nan,nan,nan,"Habitat Area (fraction below monthly threshold)",Monthly Habitat Compression Index over 35.5-40N,nan,nan,2.0,1.0,2006-09-01
2006,10,0.4432314410480349,nan,nan,nan,"Habitat Area (fraction below monthly threshold)",Monthly Habitat Compression Index over 35.5-40N,nan,nan,2.0,1.0,2006-10-01
2006,11,0.2467248908296943,nan,nan,nan,"Habitat Area (fraction below monthly threshold)",Monthly Habitat Compression Index over 35.5-40N,nan,nan,2.0,1.0,2006-11-01
2006,12,0.3897379912663755,nan,nan,nan,"Habitat Area (fraction below monthly threshold)",Monthly Habitat Compression Index over 35.5-40N,nan,nan,2.0,1.0,2006-12-01
2007,1,0.9956331877729258,nan,nan,nan,"Habitat Area (fraction below monthly threshold)",Monthly Habitat Compression Index over 35.5-40N,nan,nan,2.0,1.0,2007-01-01
2007,2,0.7838427947598253,nan,nan,nan,"Habitat Area (fraction below monthly threshold)",Monthly Habitat Compression Index over 35.5-40N,nan,nan,2.0,1.0,2007-02-01
2007,3,0.8111353711790393,nan,nan,nan,"Habitat Area (fraction below monthly threshold)",Monthly Habitat Compression Index over 35.5-40N,nan,nan,2.0,1.0,2007-03-01
2007,4,0.5884279475982532,nan,nan,nan,"Habitat Area (fraction below monthly threshold)",Monthly Habitat Compression Index over 35.5-40N,nan,nan,2.0,1.0,2007-04-01
2007,5,0.6397379912663755,nan,nan,nan,"Habitat Area (fraction below monthly threshold)",Monthly Habitat Compression Index over 35.5-40N,nan,nan,2.0,1.0,2007-05-01
2007,6,0.5163755458515283,nan,nan,nan,"Habitat Area (fraction below monthly threshold)",Monthly Habitat Compression Index over 35.5-40N,nan,nan,2.0,1.0,2007-06-01
2007,7,0.2106986899563318,nan,nan,nan,"Habitat Area (fraction below monthly threshold)",Monthly Habitat Compression Index over 35.5-40N,nan,nan,2.0,1.0,2007-07-01
2007,8,0.2183406113537118,nan,nan,nan,"Habitat Area (fraction below monthly threshold)",Monthly Habitat Compression Index over 35.5-40N,nan,nan,2.0,1.0,2007-08-01
2007,9,0.2237991266375545,nan,nan,nan,"Habitat Area (fraction below monthly threshold)",Monthly Habitat Compression Index over 35.5-40N,nan,nan,2.0,1.0,2007-09-01
2007,10,0.5786026200873362,nan,nan,nan,"Habitat Area (fraction below monthly threshold)",Monthly Habitat Compression Index over 35.5-40N,nan,nan,2.0,1.0,2007-10-01
2007,11,0.6058951965065502,nan,nan,nan,"Habitat Area (fraction below monthly threshold)",Monthly Habitat Compression Index over 35.5-40N,nan,nan,2.0,1.0,2007-11-01
2007,12,0.9945414847161572,nan,nan,nan,"Habitat Area (fraction below monthly threshold)",Monthly Habitat Compression Index over 35.5-40N,nan,nan,2.0,1.0,2007-12-01
2008,1,1.0,nan,nan,nan,"Habitat Area (fraction below monthly threshold)",Monthly Habitat Compression Index over 35.5-40N,nan,nan,2.0,1.0,2008-01-01
2008,2,1.0,nan,nan,nan,"Habitat Area (fraction below monthly threshold)",Monthly Habitat Compression Index over 35.5-40N,nan,nan,2.0,1.0,2008-02-01
2008,3,1.0,nan,nan,nan,"Habitat Area (fraction below monthly threshold)",Monthly Habitat Compression Index over 35.5-40N,nan,nan,2.0,1.0,2008-03-01
2008,4,0.925764192139738,nan,nan,nan,"Habitat Area (fraction below monthly threshold)",Monthly Habitat Compression Index over 35.5-40N,nan,nan,2.0,1.0,2008-04-01
2008,5,0.9388646288209608,nan,nan,nan,"Habitat Area (fraction below monthly threshold)",Monthly Habitat Compression Index over 35.5-40N,nan,nan,2.0,1.0,2008-05-01
2008,6,0.7139737991266376,nan,nan,nan,"Habitat Area (fraction below monthly threshold)",Monthly Habitat Compression Index over 35.5-40N,nan,nan,2.0,1.0,2008-06-01
2008,7,0.4290393013100436,nan,nan,nan,"Habitat Area (fraction below monthly threshold)",Monthly Habitat Compression Index over 35.5-40N,nan,nan,2.0,1.0,2008-07-01
2008,8,0.5262008733624454,nan,nan,nan,"Habitat Area (fraction below monthly threshold)",Monthly Habitat Compression Index over 35.5-40N,nan,nan,2.0,1.0,2008-08-01
2008,9,0.5185589519650655,nan,nan,nan,"Habitat Area (fraction below monthly threshold)",Monthly Habitat Compression Index over 35.5-40N,nan,nan,2.0,1.0,2008-09-01
2008,10,0.6965065502183406,nan,nan,nan,"Habitat Area (fraction below monthly threshold)",Monthly Habitat Compression Index over 35.5-40N,nan,nan,2.0,1.0,2008-10-01
2008,11,0.3471615720524017,nan,nan,nan,"Habitat Area (fraction below monthly threshold)",Monthly Habitat Compression Index over 35.5-40N,nan,nan,2.0,1.0,2008-11-01
2008,12,0.343886462882096,nan,nan,nan,"Habitat Area (fraction below monthly threshold)",Monthly Habitat Compression Index over 35.5-40N,nan,nan,2.0,1.0,2008-12-01
2009,1,0.9661572052401748,nan,nan,nan,"Habitat Area (fraction below monthly threshold)",Monthly Habitat Compression Index over 35.5-40N,nan,nan,2.0,1.0,2009-01-01
2009,2,0.7729257641921398,nan,nan,nan,"Habitat Area (fraction below monthly threshold)",Monthly Habitat Compression Index over 35.5-40N,nan,nan,2.0,1.0,2009-02-01
2009,3,0.9355895196506552,nan,nan,nan,"Habitat Area (fraction below monthly threshold)",Monthly Habitat Compression Index over 35.5-40N,nan,nan,2.0,1.0,2009-03-01
2009,4,0.8329694323144105,nan,nan,nan,"Habitat Area (fraction below monthly threshold)",Monthly Habitat Compression Index over 35.5-40N,nan,nan,2.0,1.0,2009-04-01
2009,5,0.7958515283842795,nan,nan,nan,"Habitat Area (fraction below monthly threshold)",Monthly Habitat Compression Index over 35.5-40N,nan,nan,2.0,1.0,2009-05-01
2009,6,0.1364628820960698,nan,nan,nan,"Habitat Area (fraction below monthly threshold)",Monthly Habitat Compression Index over 35.5-40N,nan,nan,2.0,1.0,2009-06-01
2009,7,0.3100436681222707,nan,nan,nan,"Habitat Area (fraction below monthly threshold)",Monthly Habitat Compression Index over 35.5-40N,nan,nan,2.0,1.0,2009-07-01
2009,8,0.2510917030567685,nan,nan,nan,"Habitat Area (fraction below monthly threshold)",Monthly Habitat Compression Index over 35.5-40N,nan,nan,2.0,1.0,2009-08-01
2009,9,0.1451965065502183,nan,nan,nan,"Habitat Area (fraction below monthly threshold)",Monthly Habitat Compression Index over 35.5-40N,nan,nan,2.0,1.0,2009-09-01
2009,10,0.6877729257641921,nan,nan,nan,"Habitat Area (fraction below monthly threshold)",Monthly Habitat Compression Index over 35.5-40N,nan,nan,2.0,1.0,2009-10-01
2009,11,0.618995633187773,nan,nan,nan,"Habitat Area (fraction below monthly threshold)",Monthly Habitat Compression Index over 35.5-40N,nan,nan,2.0,1.0,2009-11-01
2009,12,0.8897379912663755,nan,nan,nan,"Habitat Area (fraction below monthly threshold)",Monthly Habitat Compression Index over 35.5-40N,nan,nan,2.0,1.0,2009-12-01
2010,1,0.6048034934497817,nan,nan,nan,"Habitat Area (fraction below monthly threshold)",Monthly Habitat Compression Index over 35.5-40N,nan,nan,2.0,1.0,2010-01-01
2010,2,0.37117903930131,nan,nan,nan,"Habitat Area (fraction below monthly threshold)",Monthly Habitat Compression Index over 35.5-40N,nan,nan,2.0,1.0,2010-02-01
2010,3,0.3864628820960699,nan,nan,nan,"Habitat Area (fraction below monthly threshold)",Monthly Habitat Compression Index over 35.5-40N,nan,nan,2.0,1.0,2010-03-01
2010,4,0.3045851528384279,nan,nan,nan,"Habitat Area (fraction below monthly threshold)",Monthly Habitat Compression Index over 35.5-40N,nan,nan,2.0,1.0,2010-04-01
2010,5,0.7543668122270742,nan,nan,nan,"Habitat Area (fraction below monthly threshold)",Monthly Habitat Compression Index over 35.5-40N,nan,nan,2.0,1.0,2010-05-01
2010,6,0.5556768558951966,nan,nan,nan,"Habitat Area (fraction below monthly threshold)",Monthly Habitat Compression Index over 35.5-40N,nan,nan,2.0,1.0,2010-06-01
2010,7,0.62117903930131,nan,nan,nan,"Habitat Area (fraction below monthly threshold)",Monthly Habitat Compression Index over 35.5-40N,nan,nan,2.0,1.0,2010-07-01
2010,8,0.8449781659388647,nan,nan,nan,"Habitat Area (fraction below monthly threshold)",Monthly Habitat Compression Index over 35.5-40N,nan,nan,2.0,1.0,2010-08-01
2010,9,0.5240174672489083,nan,nan,nan,"Habitat Area (fraction below monthly threshold)",Monthly Habitat Compression Index over 35.5-40N,nan,nan,2.0,1.0,2010-09-01
2010,10,0.648471615720524,nan,nan,nan,"Habitat Area (fraction below monthly threshold)",Monthly Habitat Compression Index over 35.5-40N,nan,nan,2.0,1.0,2010-10-01
2010,11,0.5698689956331878,nan,nan,nan,"Habitat Area (fraction below monthly threshold)",Monthly Habitat Compression Index over 35.5-40N,nan,nan,2.0,1.0,2010-11-01
2010,12,0.7063318777292577,nan,nan,nan,"Habitat Area (fraction below monthly threshold)",Monthly Habitat Compression Index over 35.5-40N,nan,nan,2.0,1.0,2010-12-01
2011,1,0.9246724890829694,nan,nan,nan,"Habitat Area (fraction below monthly threshold)",Monthly Habitat Compression Index over 35.5-40N,nan,nan,2.0,1.0,2011-01-01
2011,2,0.7882096069868996,nan,nan,nan,"Habitat Area (fraction below monthly threshold)",Monthly Habitat Compression Index over 35.5-40N,nan,nan,2.0,1.0,2011-02-01
2011,3,0.7270742358078602,nan,nan,nan,"Habitat Area (fraction below monthly threshold)",Monthly Habitat Compression Index over 35.5-40N,nan,nan,2.0,1.0,2011-03-01
2011,4,0.5687772925764192,nan,nan,nan,"Habitat Area (fraction below monthly threshold)",Monthly Habitat Compression Index over 35.5-40N,nan,nan,2.0,1.0,2011-04-01
2011,5,0.5775109170305677,nan,nan,nan,"Habitat Area (fraction below monthly threshold)",Monthly Habitat Compression Index over 35.5-40N,nan,nan,2.0,1.0,2011-05-01
2011,6,0.5010917030567685,nan,nan,nan,"Habitat Area (fraction below monthly threshold)",Monthly Habitat Compression Index over 35.5-40N,nan,nan,2.0,1.0,2011-06-01
2011,7,0.5655021834061136,nan,nan,nan,"Habitat Area (fraction below monthly threshold)",Monthly Habitat Compression Index over 35.5-40N,nan,nan,2.0,1.0,2011-07-01
2011,8,0.5884279475982532,nan,nan,nan,"Habitat Area (fraction below monthly threshold)",Monthly Habitat Compression Index over 35.5-40N,nan,nan,2.0,1.0,2011-08-01
2011,9,0.4497816593886463,nan,nan,nan,"Habitat Area (fraction below monthly threshold)",Monthly Habitat Compression Index over 35.5-40N,nan,nan,2.0,1.0,2011-09-01
2011,10,0.2893013100436681,nan,nan,nan,"Habitat Area (fraction below monthly threshold)",Monthly Habitat Compression Index over 35.5-40N,nan,nan,2.0,1.0,2011-10-01
2011,11,0.6834061135371179,nan,nan,nan,"Habitat Area (fraction below monthly threshold)",Monthly Habitat Compression Index over 35.5-40N,nan,nan,2.0,1.0,2011-11-01
2011,12,0.7554585152838428,nan,nan,nan,"Habitat Area (fraction below monthly threshold)",Monthly Habitat Compression Index over 35.5-40N,nan,nan,2.0,1.0,2011-12-01
2012,1,0.9519650655021834,nan,nan,nan,"Habitat Area (fraction below monthly threshold)",Monthly Habitat Compression Index over 35.5-40N,nan,nan,2.0,1.0,2012-01-01
2012,2,0.945414847161572,nan,nan,nan,"Habitat Area (fraction below monthly threshold)",Monthly Habitat Compression Index over 35.5-40N,nan,nan,2.0,1.0,2012-02-01
2012,3,0.987991266375546,nan,nan,nan,"Habitat Area (fraction below monthly threshold)",Monthly Habitat Compression Index over 35.5-40N,nan,nan,2.0,1.0,2012-03-01
2012,4,0.4945414847161572,nan,nan,nan,"Habitat Area (fraction below monthly threshold)",Monthly Habitat Compression Index over 35.5-40N,nan,nan,2.0,1.0,2012-04-01
2012,5,0.6768558951965066,nan,nan,nan,"Habitat Area (fraction below monthly threshold)",Monthly Habitat Compression Index over 35.5-40N,nan,nan,2.0,1.0,2012-05-01
2012,6,0.5873362445414847,nan,nan,nan,"Habitat Area (fraction below monthly threshold)",Monthly Habitat Compression Index over 35.5-40N,nan,nan,2.0,1.0,2012-06-01
2012,7,0.4912663755458515,nan,nan,nan,"Habitat Area (fraction below monthly threshold)",Monthly Habitat Compression Index over 35.5-40N,nan,nan,2.0,1.0,2012-07-01
2012,8,0.5534934497816594,nan,nan,nan,"Habitat Area (fraction below monthly threshold)",Monthly Habitat Compression Index over 35.5-40N,nan,nan,2.0,1.0,2012-08-01
2012,9,0.5425764192139738,nan,nan,nan,"Habitat Area (fraction below monthly threshold)",Monthly Habitat Compression Index over 35.5-40N,nan,nan,2.0,1.0,2012-09-01
2012,10,0.4323144104803493,nan,nan,nan,"Habitat Area (fraction below monthly threshold)",Monthly Habitat Compression Index over 35.5-40N,nan,nan,2.0,1.0,2012-10-01
2012,11,0.0633187772925764,nan,nan,nan,"Habitat Area (fraction below monthly threshold)",Monthly Habitat Compression Index over 35.5-40N,nan,nan,2.0,1.0,2012-11-01
2012,12,0.0087336244541484,nan,nan,nan,"Habitat Area (fraction below monthly threshold)",Monthly Habitat Compression Index over 35.5-40N,nan,nan,2.0,1.0,2012-12-01
2013,1,0.861353711790393,nan,nan,nan,"Habitat Area (fraction below monthly threshold)",Monthly Habitat Compression Index over 35.5-40N,nan,nan,2.0,1.0,2013-01-01
2013,2,0.9465065502183406,nan,nan,nan,"Habitat Area (fraction below monthly threshold)",Monthly Habitat Compression Index over 35.5-40N,nan,nan,2.0,1.0,2013-02-01
2013,3,1.0,nan,nan,nan,"Habitat Area (fraction below monthly threshold)",Monthly Habitat Compression Index over 35.5-40N,nan,nan,2.0,1.0,2013-03-01
2013,4,0.675764192139738,nan,nan,nan,"Habitat Area (fraction below monthly threshold)",Monthly Habitat Compression Index over 35.5-40N,nan,nan,2.0,1.0,2013-04-01
2013,5,0.4137554585152838,nan,nan,nan,"Habitat Area (fraction below monthly threshold)",Monthly Habitat Compression Index over 35.5-40N,nan,nan,2.0,1.0,2013-05-01
2013,6,0.3515283842794759,nan,nan,nan,"Habitat Area (fraction below monthly threshold)",Monthly Habitat Compression Index over 35.5-40N,nan,nan,2.0,1.0,2013-06-01
2013,7,0.334061135371179,nan,nan,nan,"Habitat Area (fraction below monthly threshold)",Monthly Habitat Compression Index over 35.5-40N,nan,nan,2.0,1.0,2013-07-01
2013,8,0.3548034934497817,nan,nan,nan,"Habitat Area (fraction below monthly threshold)",Monthly Habitat Compression Index over 35.5-40N,nan,nan,2.0,1.0,2013-08-01
2013,9,0.2096069868995633,nan,nan,nan,"Habitat Area (fraction below monthly threshold)",Monthly Habitat Compression Index over 35.5-40N,nan,nan,2.0,1.0,2013-09-01
2013,10,0.5534934497816594,nan,nan,nan,"Habitat Area (fraction below monthly threshold)",Monthly Habitat Compression Index over 35.5-40N,nan,nan,2.0,1.0,2013-10-01
2013,11,0.4290393013100436,nan,nan,nan,"Habitat Area (fraction below monthly threshold)",Monthly Habitat Compression Index over 35.5-40N,nan,nan,2.0,1.0,2013-11-01
2013,12,0.4639737991266375,nan,nan,nan,"Habitat Area (fraction below monthly threshold)",Monthly Habitat Compression Index over 35.5-40N,nan,nan,2.0,1.0,2013-12-01
2014,1,0.5796943231441049,nan,nan,nan,"Habitat Area (fraction below monthly threshold)",Monthly Habitat Compression Index over 35.5-40N,nan,nan,2.0,1.0,2014-01-01
2014,2,0.3537117903930131,nan,nan,nan,"Habitat Area (fraction below monthly threshold)",Monthly Habitat Compression Index over 35.5-40N,nan,nan,2.0,1.0,2014-02-01
2014,3,0.1626637554585152,nan,nan,nan,"Habitat Area (fraction below monthly threshold)",Monthly Habitat Compression Index over 35.5-40N,nan,nan,2.0,1.0,2014-03-01
2014,4,0.1441048034934497,nan,nan,nan,"Habitat Area (fraction below monthly threshold)",Monthly Habitat Compression Index over 35.5-40N,nan,nan,2.0,1.0,2014-04-01
2014,5,0.2434497816593886,nan,nan,nan,"Habitat Area (fraction below monthly threshold)",Monthly Habitat Compression Index over 35.5-40N,nan,nan,2.0,1.0,2014-05-01
2014,6,0.3296943231441048,nan,nan,nan,"Habitat Area (fraction below monthly threshold)",Monthly Habitat Compression Index over 35.5-40N,nan,nan,2.0,1.0,2014-06-01
2014,7,0.1844978165938864,nan,nan,nan,"Habitat Area (fraction below monthly threshold)",Monthly Habitat Compression Index over 35.5-40N,nan,nan,2.0,1.0,2014-07-01
2014,8,0.1997816593886462,nan,nan,nan,"Habitat Area (fraction below monthly threshold)",Monthly Habitat Compression Index over 35.5-40N,nan,nan,2.0,1.0,2014-08-01
2014,9,0.0360262008733624,nan,nan,nan,"Habitat Area (fraction below monthly threshold)",Monthly Habitat Compression Index over 35.5-40N,nan,nan,2.0,1.0,2014-09-01
2014,10,0.0054585152838427,nan,nan,nan,"Habitat Area (fraction below monthly threshold)",Monthly Habitat Compression Index over 35.5-40N,nan,nan,2.0,1.0,2014-10-01
2014,11,0.0,nan,nan,nan,"Habitat Area (fraction below monthly threshold)",Monthly Habitat Compression Index over 35.5-40N,nan,nan,2.0,1.0,2014-11-01
2014,12,0.0,nan,nan,nan,"Habitat Area (fraction below monthly threshold)",Monthly Habitat Compression Index over 35.5-40N,nan,nan,2.0,1.0,2014-12-01
2015,1,0.0010917030567685,nan,nan,nan,"Habitat Area (fraction below monthly threshold)",Monthly Habitat Compression Index over 35.5-40N,nan,nan,2.0,1.0,2015-01-01
2015,2,0.0,nan,nan,nan,"Habitat Area (fraction below monthly threshold)",Monthly Habitat Compression Index over 35.5-40N,nan,nan,2.0,1.0,2015-02-01
2015,3,0.0152838427947598,nan,nan,nan,"Habitat Area (fraction below monthly threshold)",Monthly Habitat Compression Index over 35.5-40N,nan,nan,2.0,1.0,2015-03-01
2015,4,0.1921397379912663,nan,nan,nan,"Habitat Area (fraction below monthly threshold)",Monthly Habitat Compression Index over 35.5-40N,nan,nan,2.0,1.0,2015-04-01
2015,5,0.2772925764192139,nan,nan,nan,"Habitat Area (fraction below monthly threshold)",Monthly Habitat Compression Index over 35.5-40N,nan,nan,2.0,1.0,2015-05-01
2015,6,0.2117903930131004,nan,nan,nan,"Habitat Area (fraction below monthly threshold)",Monthly Habitat Compression Index over 35.5-40N,nan,nan,2.0,1.0,2015-06-01
2015,7,0.1168122270742358,nan,nan,nan,"Habitat Area (fraction below monthly threshold)",Monthly Habitat Compression Index over 35.5-40N,nan,nan,2.0,1.0,2015-07-01
2015,8,0.0982532751091703,nan,nan,nan,"Habitat Area (fraction below monthly threshold)",Monthly Habitat Compression Index over 35.5-40N,nan,nan,2.0,1.0,2015-08-01
2015,9,0.1102620087336244,nan,nan,nan,"Habitat Area (fraction below monthly threshold)",Monthly Habitat Compression Index over 35.5-40N,nan,nan,2.0,1.0,2015-09-01
2015,10,0.0403930131004366,nan,nan,nan,"Habitat Area (fraction below monthly threshold)",Monthly Habitat Compression Index over 35.5-40N,nan,nan,2.0,1.0,2015-10-01
2015,11,0.1004366812227074,nan,nan,nan,"Habitat Area (fraction below monthly threshold)",Monthly Habitat Compression Index over 35.5-40N,nan,nan,2.0,1.0,2015-11-01
2015,12,0.0152838427947598,nan,nan,nan,"Habitat Area (fraction below monthly threshold)",Monthly Habitat Compression Index over 35.5-40N,nan,nan,2.0,1.0,2015-12-01
2016,1,0.0272925764192139,nan,nan,nan,"Habitat Area (fraction below monthly threshold)",Monthly Habitat Compression Index over 35.5-40N,nan,nan,2.0,1.0,2016-01-01
2016,2,0.0,nan,nan,nan,"Habitat Area (fraction below monthly threshold)",Monthly Habitat Compression Index over 35.5-40N,nan,nan,2.0,1.0,2016-02-01
2016,3,0.0,nan,nan,nan,"Habitat Area (fraction below monthly threshold)",Monthly Habitat Compression Index over 35.5-40N,nan,nan,2.0,1.0,2016-03-01
2016,4,0.0960698689956331,nan,nan,nan,"Habitat Area (fraction below monthly threshold)",Monthly Habitat Compression Index over 35.5-40N,nan,nan,2.0,1.0,2016-04-01
2016,5,0.1910480349344978,nan,nan,nan,"Habitat Area (fraction below monthly threshold)",Monthly Habitat Compression Index over 35.5-40N,nan,nan,2.0,1.0,2016-05-01
2016,6,0.2030567685589519,nan,nan,nan,"Habitat Area (fraction below monthly threshold)",Monthly Habitat Compression Index over 35.5-40N,nan,nan,2.0,1.0,2016-06-01
2016,7,0.3897379912663755,nan,nan,nan,"Habitat Area (fraction below monthly threshold)",Monthly Habitat Compression Index over 35.5-40N,nan,nan,2.0,1.0,2016-07-01
2016,8,0.398471615720524,nan,nan,nan,"Habitat Area (fraction below monthly threshold)",Monthly Habitat Compression Index over 35.5-40N,nan,nan,2.0,1.0,2016-08-01
2016,9,0.3318777292576419,nan,nan,nan,"Habitat Area (fraction below monthly threshold)",Monthly Habitat Compression Index over 35.5-40N,nan,nan,2.0,1.0,2016-09-01
2016,10,0.259825327510917,nan,nan,nan,"Habitat Area (fraction below monthly threshold)",Monthly Habitat Compression Index over 35.5-40N,nan,nan,2.0,1.0,2016-10-01
2016,11,0.0,nan,nan,nan,"Habitat Area (fraction below monthly threshold)",Monthly Habitat Compression Index over 35.5-40N,nan,nan,2.0,1.0,2016-11-01
2016,12,0.1768558951965065,nan,nan,nan,"Habitat Area (fraction below monthly threshold)",Monthly Habitat Compression Index over 35.5-40N,nan,nan,2.0,1.0,2016-12-01
2017,1,0.6179039301310044,nan,nan,nan,"Habitat Area (fraction below monthly threshold)",Monthly Habitat Compression Index over 35.5-40N,nan,nan,2.0,1.0,2017-01-01
2017,2,0.2412663755458515,nan,nan,nan,"Habitat Area (fraction below monthly threshold)",Monthly Habitat Compression Index over 35.5-40N,nan,nan,2.0,1.0,2017-02-01
2017,3,0.1692139737991266,nan,nan,nan,"Habitat Area (fraction below monthly threshold)",Monthly Habitat Compression Index over 35.5-40N,nan,nan,2.0,1.0,2017-03-01
2017,4,0.0927947598253275,nan,nan,nan,"Habitat Area (fraction below monthly threshold)",Monthly Habitat Compression Index over 35.5-40N,nan,nan,2.0,1.0,2017-04-01
2017,5,0.3897379912663755,nan,nan,nan,"Habitat Area (fraction below monthly threshold)",Monthly Habitat Compression Index over 35.5-40N,nan,nan,2.0,1.0,2017-05-01
2017,6,0.2860262008733624,nan,nan,nan,"Habitat Area (fraction below monthly threshold)",Monthly Habitat Compression Index over 35.5-40N,nan,nan,2.0,1.0,2017-06-01
2017,7,0.4203056768558952,nan,nan,nan,"Habitat Area (fraction below monthly threshold)",Monthly Habitat Compression Index over 35.5-40N,nan,nan,2.0,1.0,2017-07-01
2017,8,0.2543668122270742,nan,nan,nan,"Habitat Area (fraction below monthly threshold)",Monthly Habitat Compression Index over 35.5-40N,nan,nan,2.0,1.0,2017-08-01
2017,9,0.1670305676855895,nan,nan,nan,"Habitat Area (fraction below monthly threshold)",Monthly Habitat Compression Index over 35.5-40N,nan,nan,2.0,1.0,2017-09-01
2017,10,0.5305676855895196,nan,nan,nan,"Habitat Area (fraction below monthly threshold)",Monthly Habitat Compression Index over 35.5-40N,nan,nan,2.0,1.0,2017-10-01
2017,11,0.0873362445414847,nan,nan,nan,"Habitat Area (fraction below monthly threshold)",Monthly Habitat Compression Index over 35.5-40N,nan,nan,2.0,1.0,2017-11-01
2017,12,0.0502183406113537,nan,nan,nan,"Habitat Area (fraction below monthly threshold)",Monthly Habitat Compression Index over 35.5-40N,nan,nan,2.0,1.0,2017-12-01
2018,1,0.0633187772925764,nan,nan,nan,"Habitat Area (fraction below monthly threshold)",Monthly Habitat Compression Index over 35.5-40N,nan,nan,2.0,1.0,2018-01-01
2018,2,0.2106986899563318,nan,nan,nan,"Habitat Area (fraction below monthly threshold)",Monthly Habitat Compression Index over 35.5-40N,nan,nan,2.0,1.0,2018-02-01
2018,3,0.537117903930131,nan,nan,nan,"Habitat Area (fraction below monthly threshold)",Monthly Habitat Compression Index over 35.5-40N,nan,nan,2.0,1.0,2018-03-01
2018,4,0.1604803493449781,nan,nan,nan,"Habitat Area (fraction below monthly threshold)",Monthly Habitat Compression Index over 35.5-40N,nan,nan,2.0,1.0,2018-04-01
2018,5,0.2914847161572052,nan,nan,nan,"Habitat Area (fraction below monthly threshold)",Monthly Habitat Compression Index over 35.5-40N,nan,nan,2.0,1.0,2018-05-01
2018,6,0.3569868995633188,nan,nan,nan,"Habitat Area (fraction below monthly threshold)",Monthly Habitat Compression Index over 35.5-40N,nan,nan,2.0,1.0,2018-06-01
2018,7,0.2467248908296943,nan,nan,nan,"Habitat Area (fraction below monthly threshold)",Monthly Habitat Compression Index over 35.5-40N,nan,nan,2.0,1.0,2018-07-01
2018,8,0.3941048034934498,nan,nan,nan,"Habitat Area (fraction below monthly threshold)",Monthly Habitat Compression Index over 35.5-40N,nan,nan,2.0,1.0,2018-08-01
2018,9,0.3951965065502183,nan,nan,nan,"Habitat Area (fraction below monthly threshold)",Monthly Habitat Compression Index over 35.5-40N,nan,nan,2.0,1.0,2018-09-01
2018,10,0.2106986899563318,nan,nan,nan,"Habitat Area (fraction below monthly threshold)",Monthly Habitat Compression Index over 35.5-40N,nan,nan,2.0,1.0,2018-10-01
2018,11,0.2019650655021834,nan,nan,nan,"Habitat Area (fraction below monthly threshold)",Monthly Habitat Compression Index over 35.5-40N,nan,nan,2.0,1.0,2018-11-01
2018,12,0.0,nan,nan,nan,"Habitat Area (fraction below monthly threshold)",Monthly Habitat Compression Index over 35.5-40N,nan,nan,2.0,1.0,2018-12-01
2019,1,0.2183406113537118,nan,nan,nan,"Habitat Area (fraction below monthly threshold)",Monthly Habitat Compression Index over 35.5-40N,nan,nan,2.0,1.0,2019-01-01
2019,2,0.1135371179039301,nan,nan,nan,"Habitat Area (fraction below monthly threshold)",Monthly Habitat Compression Index over 35.5-40N,nan,nan,2.0,1.0,2019-02-01
2019,3,0.3176855895196506,nan,nan,nan,"Habitat Area (fraction below monthly threshold)",Monthly Habitat Compression Index over 35.5-40N,nan,nan,2.0,1.0,2019-03-01
2019,4,0.1200873362445414,nan,nan,nan,"Habitat Area (fraction below monthly threshold)",Monthly Habitat Compression Index over 35.5-40N,nan,nan,2.0,1.0,2019-04-01
2019,5,0.232532751091703,nan,nan,nan,"Habitat Area (fraction below monthly threshold)",Monthly Habitat Compression Index over 35.5-40N,nan,nan,2.0,1.0,2019-05-01
2019,6,0.3962882096069869,nan,nan,nan,"Habitat Area (fraction below monthly threshold)",Monthly Habitat Compression Index over 35.5-40N,nan,nan,2.0,1.0,2019-06-01
2019,7,0.4039301310043668,nan,nan,nan,"Habitat Area (fraction below monthly threshold)",Monthly Habitat Compression Index over 35.5-40N,nan,nan,2.0,1.0,2019-07-01
2019,8,0.3122270742358078,nan,nan,nan,"Habitat Area (fraction below monthly threshold)",Monthly Habitat Compression Index over 35.5-40N,nan,nan,2.0,1.0,2019-08-01
2019,9,0.1844978165938864,nan,nan,nan,"Habitat Area (fraction below monthly threshold)",Monthly Habitat Compression Index over 35.5-40N,nan,nan,2.0,1.0,2019-09-01
2019,10,0.4836244541484716,nan,nan,nan,"Habitat Area (fraction below monthly threshold)",Monthly Habitat Compression Index over 35.5-40N,nan,nan,2.0,1.0,2019-10-01
2019,11,0.3766375545851528,nan,nan,nan,"Habitat Area (fraction below monthly threshold)",Monthly Habitat Compression Index over 35.5-40N,nan,nan,2.0,1.0,2019-11-01
2019,12,0.1277292576419214,nan,nan,nan,"Habitat Area (fraction below monthly threshold)",Monthly Habitat Compression Index over 35.5-40N,nan,nan,2.0,1.0,2019-12-01
2020,1,0.5010917030567685,nan,nan,nan,"Habitat Area (fraction below monthly threshold)",Monthly Habitat Compression Index over 35.5-40N,nan,nan,2.0,1.0,2020-01-01
2020,2,0.574235807860262,nan,nan,nan,"Habitat Area (fraction below monthly threshold)",Monthly Habitat Compression Index over 35.5-40N,nan,nan,2.0,1.0,2020-02-01
2020,3,0.5218340611353712,nan,nan,nan,"Habitat Area (fraction below monthly threshold)",Monthly Habitat Compression Index over 35.5-40N,nan,nan,2.0,1.0,2020-03-01
2020,4,0.2423580786026201,nan,nan,nan,"Habitat Area (fraction below monthly threshold)",Monthly Habitat Compression Index over 35.5-40N,nan,nan,2.0,1.0,2020-04-01
2020,5,0.1812227074235808,nan,nan,nan,"Habitat Area (fraction below monthly threshold)",Monthly Habitat Compression Index over 35.5-40N,nan,nan,2.0,1.0,2020-05-01
2020,6,0.2762008733624454,nan,nan,nan,"Habitat Area (fraction below monthly threshold)",Monthly Habitat Compression Index over 35.5-40N,nan,nan,2.0,1.0,2020-06-01
2020,7,0.509825327510917,nan,nan,nan,"Habitat Area (fraction below monthly threshold)",Monthly Habitat Compression Index over 35.5-40N,nan,nan,2.0,1.0,2020-07-01
2020,8,0.3842794759825327,nan,nan,nan,"Habitat Area (fraction below monthly threshold)",Monthly Habitat Compression Index over 35.5-40N,nan,nan,2.0,1.0,2020-08-01
2020,9,0.2347161572052401,nan,nan,nan,"Habitat Area (fraction below monthly threshold)",Monthly Habitat Compression Index over 35.5-40N,nan,nan,2.0,1.0,2020-09-01
2020,10,0.2849344978165939,nan,nan,nan,"Habitat Area (fraction below monthly threshold)",Monthly Habitat Compression Index over 35.5-40N,nan,nan,2.0,1.0,2020-10-01
2020,11,0.5884279475982532,nan,nan,nan,"Habitat Area (fraction below monthly threshold)",Monthly Habitat Compression Index over 35.5-40N,nan,nan,2.0,1.0,2020-11-01
2020,12,0.7893013100436681,nan,nan,nan,"Habitat Area (fraction below monthly threshold)",Monthly Habitat Compression Index over 35.5-40N,nan,nan,2.0,1.0,2020-12-01
2021,1,0.7980349344978166,nan,nan,nan,"Habitat Area (fraction below monthly threshold)",Monthly Habitat Compression Index over 35.5-40N,nan,nan,2.0,1.0,2021-01-01
2021,2,0.732532751091703,nan,nan,nan,"Habitat Area (fraction below monthly threshold)",Monthly Habitat Compression Index over 35.5-40N,nan,nan,2.0,1.0,2021-02-01
2021,3,0.9748908296943232,nan,nan,nan,"Habitat Area (fraction below monthly threshold)",Monthly Habitat Compression Index over 35.5-40N,nan,nan,2.0,1.0,2021-03-01
2021,4,0.8133187772925764,nan,nan,nan,"Habitat Area (fraction below monthly threshold)",Monthly Habitat Compression Index over 35.5-40N,nan,nan,2.0,1.0,2021-04-01
2021,5,0.8493449781659389,nan,nan,nan,"Habitat Area (fraction below monthly threshold)",Monthly Habitat Compression Index over 35.5-40N,nan,nan,2.0,1.0,2021-05-01
