year,month,time,data,error,SElo,SEup,metric,timeseries,lat,lon,depth,order
1980,1,1980-01,0.2248908296943231,nan,nan,nan,Habitat Area (fraction below monthly threshold),Monthly Habitat Compression Index over 35.5-40N,nan,nan,2.0,1.0
1980,2,1980-02,0.0458515283842794,nan,nan,nan,Habitat Area (fraction below monthly threshold),Monthly Habitat Compression Index over 35.5-40N,nan,nan,2.0,1.0
1980,3,1980-03,0.0,nan,nan,nan,Habitat Area (fraction below monthly threshold),Monthly Habitat Compression Index over 35.5-40N,nan,nan,2.0,1.0
1980,4,1980-04,0.0491266375545851,nan,nan,nan,Habitat Area (fraction below monthly threshold),Monthly Habitat Compression Index over 35.5-40N,nan,nan,2.0,1.0
1980,5,1980-05,0.287117903930131,nan,nan,nan,Habitat Area (fraction below monthly threshold),Monthly Habitat Compression Index over 35.5-40N,nan,nan,2.0,1.0
1980,6,1980-06,0.0960698689956331,nan,nan,nan,Habitat Area (fraction below monthly threshold),Monthly Habitat Compression Index over 35.5-40N,nan,nan,2.0,1.0
1980,7,1980-07,0.029475982532751,nan,nan,nan,Habitat Area (fraction below monthly threshold),Monthly Habitat Compression Index over 35.5-40N,nan,nan,2.0,1.0
1980,8,1980-08,0.2587336244541485,nan,nan,nan,Habitat Area (fraction below monthly threshold),Monthly Habitat Compression Index over 35.5-40N,nan,nan,2.0,1.0
1980,9,1980-09,0.1877729257641921,nan,nan,nan,Habitat Area (fraction below monthly threshold),Monthly Habitat Compression Index over 35.5-40N,nan,nan,2.0,1.0
1980,10,1980-10,0.2150655021834061,nan,nan,nan,Habitat Area (fraction below monthly threshold),Monthly Habitat Compression Index over 35.5-40N,nan,nan,2.0,1.0
1980,11,1980-11,0.131004366812227,nan,nan,nan,Habitat Area (fraction below monthly threshold),Monthly Habitat Compression Index over 35.5-40N,nan,nan,2.0,1.0
1980,12,1980-12,0.0262008733624454,nan,nan,nan,Habitat Area (fraction below monthly threshold),Monthly Habitat Compression Index over 35.5-40N,nan,nan,2.0,1.0
1981,1,1981-01,0.0,nan,nan,nan,Habitat Area (fraction below monthly threshold),Monthly Habitat Compression Index over 35.5-40N,nan,nan,2.0,1.0
1981,2,1981-02,0.0,nan,nan,nan,Habitat Area (fraction below monthly threshold),Monthly Habitat Compression Index over 35.5-40N,nan,nan,2.0,1.0
1981,3,1981-03,0.0338427947598253,nan,nan,nan,Habitat Area (fraction below monthly threshold),Monthly Habitat Compression Index over 35.5-40N,nan,nan,2.0,1.0
1981,4,1981-04,0.2401746724890829,nan,nan,nan,Habitat Area (fraction below monthly threshold),Monthly Habitat Compression Index over 35.5-40N,nan,nan,2.0,1.0
1981,5,1981-05,0.381004366812227,nan,nan,nan,Habitat Area (fraction below monthly threshold),Monthly Habitat Compression Index over 35.5-40N,nan,nan,2.0,1.0
1981,6,1981-06,0.1899563318777292,nan,nan,nan,Habitat Area (fraction below monthly threshold),Monthly Habitat Compression Index over 35.5-40N,nan,nan,2.0,1.0
1981,7,1981-07,0.4705240174672489,nan,nan,nan,Habitat Area (fraction below monthly threshold),Monthly Habitat Compression Index over 35.5-40N,nan,nan,2.0,1.0
1981,8,1981-08,0.2751091703056768,nan,nan,nan,Habitat Area (fraction below monthly threshold),Monthly Habitat Compression Index over 35.5-40N,nan,nan,2.0,1.0
1981,9,1981-09,0.6550218340611353,nan,nan,nan,Habitat Area (fraction below monthly threshold),Monthly Habitat Compression Index over 35.5-40N,nan,nan,2.0,1.0
1981,10,1981-10,0.445414847161572,nan,nan,nan,Habitat Area (fraction below monthly threshold),Monthly Habitat Compression Index over 35.5-40N,nan,nan,2.0,1.0
1981,11,1981-11,0.0262008733624454,nan,nan,nan,Habitat Area (fraction below monthly threshold),Monthly Habitat Compression Index over 35.5-40N,nan,nan,2.0,1.0
1981,12,1981-12,0.009825327510917,nan,nan,nan,Habitat Area (fraction below monthly threshold),Monthly Habitat Compression Index over 35.5-40N,nan,nan,2.0,1.0
1982,1,1982-01,0.9421397379912664,nan,nan,nan,Habitat Area (fraction below monthly threshold),Monthly Habitat Compression Index over 35.5-40N,nan,nan,2.0,1.0
1982,2,1982-02,0.4978165938864629,nan,nan,nan,Habitat Area (fraction below monthly threshold),Monthly Habitat Compression Index over 35.5-40N,nan,nan,2.0,1.0
1982,3,1982-03,0.3973799126637554,nan,nan,nan,Habitat Area (fraction below monthly threshold),Monthly Habitat Compression Index over 35.5-40N,nan,nan,2.0,1.0
1982,4,1982-04,0.1277292576419214,nan,nan,nan,Habitat Area (fraction below monthly threshold),Monthly Habitat Compression Index over 35.5-40N,nan,nan,2.0,1.0
1982,5,1982-05,0.7139737991266376,nan,nan,nan,Habitat Area (fraction below monthly threshold),Monthly Habitat Compression Index over 35.5-40N,nan,nan,2.0,1.0
1982,6,1982-06,0.5131004366812227,nan,nan,nan,Habitat Area (fraction below monthly threshold),Monthly Habitat Compression Index over 35.5-40N,nan,nan,2.0,1.0
1982,7,1982-07,0.3078602620087336,nan,nan,nan,Habitat Area (fraction below monthly threshold),Monthly Habitat Compression Index over 35.5-40N,nan,nan,2.0,1.0
1982,8,1982-08,0.4956331877729257,nan,nan,nan,Habitat Area (fraction below monthly threshold),Monthly Habitat Compression Index over 35.5-40N,nan,nan,2.0,1.0
1982,9,1982-09,0.2172489082969432,nan,nan,nan,Habitat Area (fraction below monthly threshold),Monthly Habitat Compression Index over 35.5-40N,nan,nan,2.0,1.0
1982,10,1982-10,0.1844978165938864,nan,nan,nan,Habitat Area (fraction below monthly threshold),Monthly Habitat Compression Index over 35.5-40N,nan,nan,2.0,1.0
1982,11,1982-11,0.0054585152838427,nan,nan,nan,Habitat Area (fraction below monthly threshold),Monthly Habitat Compression Index over 35.5-40N,nan,nan,2.0,1.0
1982,12,1982-12,0.046943231441048,nan,nan,nan,Habitat Area (fraction below monthly threshold),Monthly Habitat Compression Index over 35.5-40N,nan,nan,2.0,1.0
1983,1,1983-01,0.168122270742358,nan,nan,nan,Habitat Area (fraction below monthly threshold),Monthly Habitat Compression Index over 35.5-40N,nan,nan,2.0,1.0
1983,2,1983-02,0.1015283842794759,nan,nan,nan,Habitat Area (fraction below monthly threshold),Monthly Habitat Compression Index over 35.5-40N,nan,nan,2.0,1.0
1983,3,1983-03,0.0,nan,nan,nan,Habitat Area (fraction below monthly threshold),Monthly Habitat Compression Index over 35.5-40N,nan,nan,2.0,1.0
1983,4,1983-04,0.0065502183406113,nan,nan,nan,Habitat Area (fraction below monthly threshold),Monthly Habitat Compression Index over 35.5-40N,nan,nan,2.0,1.0
1983,5,1983-05,0.0687772925764192,nan,nan,nan,Habitat Area (fraction below monthly threshold),Monthly Habitat Compression Index over 35.5-40N,nan,nan,2.0,1.0
1983,6,1983-06,0.1713973799126637,nan,nan,nan,Habitat Area (fraction below monthly threshold),Monthly Habitat Compression Index over 35.5-40N,nan,nan,2.0,1.0
1983,7,1983-07,0.1179039301310043,nan,nan,nan,Habitat Area (fraction below monthly threshold),Monthly Habitat Compression Index over 35.5-40N,nan,nan,2.0,1.0
1983,8,1983-08,0.0502183406113537,nan,nan,nan,Habitat Area (fraction below monthly threshold),Monthly Habitat Compression Index over 35.5-40N,nan,nan,2.0,1.0
1983,9,1983-09,0.0032751091703056,nan,nan,nan,Habitat Area (fraction below monthly threshold),Monthly Habitat Compression Index over 35.5-40N,nan,nan,2.0,1.0
1983,10,1983-10,0.0010917030567685,nan,nan,nan,Habitat Area (fraction below monthly threshold),Monthly Habitat Compression Index over 35.5-40N,nan,nan,2.0,1.0
1983,11,1983-11,0.0,nan,nan,nan,Habitat Area (fraction below monthly threshold),Monthly Habitat Compression Index over 35.5-40N,nan,nan,2.0,1.0
1983,12,1983-12,0.1015283842794759,nan,nan,nan,Habitat Area (fraction below monthly threshold),Monthly Habitat Compression Index over 35.5-40N,nan,nan,2.0,1.0
1984,1,1984-01,0.2958515283842794,nan,nan,nan,Habitat Area (fraction below monthly threshold),Monthly Habitat Compression Index over 35.5-40N,nan,nan,2.0,1.0
1984,2,1984-02,0.1244541484716157,nan,nan,nan,Habitat Area (fraction below monthly threshold),Monthly Habitat Compression Index over 35.5-40N,nan,nan,2.0,1.0
1984,3,1984-03,0.1397379912663755,nan,nan,nan,Habitat Area (fraction below monthly threshold),Monthly Habitat Compression Index over 35.5-40N,nan,nan,2.0,1.0
1984,4,1984-04,0.3286026200873362,nan,nan,nan,Habitat Area (fraction below monthly threshold),Monthly Habitat Compression Index over 35.5-40N,nan,nan,2.0,1.0
1984,5,1984-05,0.2805676855895196,nan,nan,nan,Habitat Area (fraction below monthly threshold),Monthly Habitat Compression Index over 35.5-40N,nan,nan,2.0,1.0
1984,6,1984-06,0.3820960698689956,nan,nan,nan,Habitat Area (fraction below monthly threshold),Monthly Habitat Compression Index over 35.5-40N,nan,nan,2.0,1.0
1984,7,1984-07,0.1801310043668122,nan,nan,nan,Habitat Area (fraction below monthly threshold),Monthly Habitat Compression Index over 35.5-40N,nan,nan,2.0,1.0
1984,8,1984-08,0.1419213973799126,nan,nan,nan,Habitat Area (fraction below monthly threshold),Monthly Habitat Compression Index over 35.5-40N,nan,nan,2.0,1.0
1984,9,1984-09,0.1168122270742358,nan,nan,nan,Habitat Area (fraction below monthly threshold),Monthly Habitat Compression Index over 35.5-40N,nan,nan,2.0,1.0
1984,10,1984-10,0.3875545851528384,nan,nan,nan,Habitat Area (fraction below monthly threshold),Monthly Habitat Compression Index over 35.5-40N,nan,nan,2.0,1.0
1984,11,1984-11,0.3537117903930131,nan,nan,nan,Habitat Area (fraction below monthly threshold),Monthly Habitat Compression Index over 35.5-40N,nan,nan,2.0,1.0
1984,12,1984-12,0.2805676855895196,nan,nan,nan,Habitat Area (fraction below monthly threshold),Monthly Habitat Compression Index over 35.5-40N,nan,nan,2.0,1.0
1985,1,1985-01,0.6037117903930131,nan,nan,nan,Habitat Area (fraction below monthly threshold),Monthly Habitat Compression Index over 35.5-40N,nan,nan,2.0,1.0
1985,2,1985-02,0.740174672489083,nan,nan,nan,Habitat Area (fraction below monthly threshold),Monthly Habitat Compression Index over 35.5-40N,nan,nan,2.0,1.0
1985,3,1985-03,0.9683406113537116,nan,nan,nan,Habitat Area (fraction below monthly threshold),Monthly Habitat Compression Index over 35.5-40N,nan,nan,2.0,1.0
1985,4,1985-04,0.6397379912663755,nan,nan,nan,Habitat Area (fraction below monthly threshold),Monthly Habitat Compression Index over 35.5-40N,nan,nan,2.0,1.0
1985,5,1985-05,0.5414847161572053,nan,nan,nan,Habitat Area (fraction below monthly threshold),Monthly Habitat Compression Index over 35.5-40N,nan,nan,2.0,1.0
1985,6,1985-06,0.2019650655021834,nan,nan,nan,Habitat Area (fraction below monthly threshold),Monthly Habitat Compression Index over 35.5-40N,nan,nan,2.0,1.0
1985,7,1985-07,0.4323144104803493,nan,nan,nan,Habitat Area (fraction below monthly threshold),Monthly Habitat Compression Index over 35.5-40N,nan,nan,2.0,1.0
1985,8,1985-08,0.3460698689956332,nan,nan,nan,Habitat Area (fraction below monthly threshold),Monthly Habitat Compression Index over 35.5-40N,nan,nan,2.0,1.0
1985,9,1985-09,0.2281659388646288,nan,nan,nan,Habitat Area (fraction below monthly threshold),Monthly Habitat Compression Index over 35.5-40N,nan,nan,2.0,1.0
1985,10,1985-10,0.5731441048034934,nan,nan,nan,Habitat Area (fraction below monthly threshold),Monthly Habitat Compression Index over 35.5-40N,nan,nan,2.0,1.0
1985,11,1985-11,0.9541484716157204,nan,nan,nan,Habitat Area (fraction below monthly threshold),Monthly Habitat Compression Index over 35.5-40N,nan,nan,2.0,1.0
1985,12,1985-12,0.7740174672489083,nan,nan,nan,Habitat Area (fraction below monthly threshold),Monthly Habitat Compression Index over 35.5-40N,nan,nan,2.0,1.0
1986,1,1986-01,0.5960698689956332,nan,nan,nan,Habitat Area (fraction below monthly threshold),Monthly Habitat Compression Index over 35.5-40N,nan,nan,2.0,1.0
1986,2,1986-02,0.2270742358078602,nan,nan,nan,Habitat Area (fraction below monthly threshold),Monthly Habitat Compression Index over 35.5-40N,nan,nan,2.0,1.0
1986,3,1986-03,0.0283842794759825,nan,nan,nan,Habitat Area (fraction below monthly threshold),Monthly Habitat Compression Index over 35.5-40N,nan,nan,2.0,1.0
1986,4,1986-04,0.1746724890829694,nan,nan,nan,Habitat Area (fraction below monthly threshold),Monthly Habitat Compression Index over 35.5-40N,nan,nan,2.0,1.0
1986,5,1986-05,0.4563318777292576,nan,nan,nan,Habitat Area (fraction below monthly threshold),Monthly Habitat Compression Index over 35.5-40N,nan,nan,2.0,1.0
1986,6,1986-06,0.148471615720524,nan,nan,nan,Habitat Area (fraction below monthly threshold),Monthly Habitat Compression Index over 35.5-40N,nan,nan,2.0,1.0
1986,7,1986-07,0.4737991266375546,nan,nan,nan,Habitat Area (fraction below monthly threshold),Monthly Habitat Compression Index over 35.5-40N,nan,nan,2.0,1.0
1986,8,1986-08,0.6779475982532751,nan,nan,nan,Habitat Area (fraction below monthly threshold),Monthly Habitat Compression Index over 35.5-40N,nan,nan,2.0,1.0
1986,9,1986-09,0.3089519650655022,nan,nan,nan,Habitat Area (fraction below monthly threshold),Monthly Habitat Compression Index over 35.5-40N,nan,nan,2.0,1.0
1986,10,1986-10,0.4530567685589519,nan,nan,nan,Habitat Area (fraction below monthly threshold),Monthly Habitat Compression Index over 35.5-40N,nan,nan,2.0,1.0
1986,11,1986-11,0.2117903930131004,nan,nan,nan,Habitat Area (fraction below monthly threshold),Monthly Habitat Compression Index over 35.5-40N,nan,nan,2.0,1.0
1986,12,1986-12,0.0021834061135371,nan,nan,nan,Habitat Area (fraction below monthly threshold),Monthly Habitat Compression Index over 35.5-40N,nan,nan,2.0,1.0
1987,1,1987-01,0.2838427947598253,nan,nan,nan,Habitat Area (fraction below monthly threshold),Monthly Habitat Compression Index over 35.5-40N,nan,nan,2.0,1.0
1987,2,1987-02,0.1222707423580786,nan,nan,nan,Habitat Area (fraction below monthly threshold),Monthly Habitat Compression Index over 35.5-40N,nan,nan,2.0,1.0
1987,3,1987-03,0.3580786026200873,nan,nan,nan,Habitat Area (fraction below monthly threshold),Monthly Habitat Compression Index over 35.5-40N,nan,nan,2.0,1.0
1987,4,1987-04,0.1724890829694323,nan,nan,nan,Habitat Area (fraction below monthly threshold),Monthly Habitat Compression Index over 35.5-40N,nan,nan,2.0,1.0
1987,5,1987-05,0.2063318777292576,nan,nan,nan,Habitat Area (fraction below monthly threshold),Monthly Habitat Compression Index over 35.5-40N,nan,nan,2.0,1.0
1987,6,1987-06,0.2620087336244541,nan,nan,nan,Habitat Area (fraction below monthly threshold),Monthly Habitat Compression Index over 35.5-40N,nan,nan,2.0,1.0
1987,7,1987-07,0.1746724890829694,nan,nan,nan,Habitat Area (fraction below monthly threshold),Monthly Habitat Compression Index over 35.5-40N,nan,nan,2.0,1.0
1987,8,1987-08,0.4956331877729257,nan,nan,nan,Habitat Area (fraction below monthly threshold),Monthly Habitat Compression Index over 35.5-40N,nan,nan,2.0,1.0
1987,9,1987-09,0.2248908296943231,nan,nan,nan,Habitat Area (fraction below monthly threshold),Monthly Habitat Compression Index over 35.5-40N,nan,nan,2.0,1.0
1987,10,1987-10,0.222707423580786,nan,nan,nan,Habitat Area (fraction below monthly threshold),Monthly Habitat Compression Index over 35.5-40N,nan,nan,2.0,1.0
1987,11,1987-11,0.0600436681222707,nan,nan,nan,Habitat Area (fraction below monthly threshold),Monthly Habitat Compression Index over 35.5-40N,nan,nan,2.0,1.0
1987,12,1987-12,0.2467248908296943,nan,nan,nan,Habitat Area (fraction below monthly threshold),Monthly Habitat Compression Index over 35.5-40N,nan,nan,2.0,1.0
1988,1,1988-01,0.918122270742358,nan,nan,nan,Habitat Area (fraction below monthly threshold),Monthly Habitat Compression Index over 35.5-40N,nan,nan,2.0,1.0
1988,2,1988-02,0.6681222707423581,nan,nan,nan,Habitat Area (fraction below monthly threshold),Monthly Habitat Compression Index over 35.5-40N,nan,nan,2.0,1.0
1988,3,1988-03,0.6277292576419214,nan,nan,nan,Habitat Area (fraction below monthly threshold),Monthly Habitat Compression Index over 35.5-40N,nan,nan,2.0,1.0
1988,4,1988-04,0.1812227074235808,nan,nan,nan,Habitat Area (fraction below monthly threshold),Monthly Habitat Compression Index over 35.5-40N,nan,nan,2.0,1.0
1988,5,1988-05,0.2609170305676856,nan,nan,nan,Habitat Area (fraction below monthly threshold),Monthly Habitat Compression Index over 35.5-40N,nan,nan,2.0,1.0
1988,6,1988-06,0.1757641921397379,nan,nan,nan,Habitat Area (fraction below monthly threshold),Monthly Habitat Compression Index over 35.5-40N,nan,nan,2.0,1.0
1988,7,1988-07,0.5458515283842795,nan,nan,nan,Habitat Area (fraction below monthly threshold),Monthly Habitat Compression Index over 35.5-40N,nan,nan,2.0,1.0
1988,8,1988-08,0.5327510917030568,nan,nan,nan,Habitat Area (fraction below monthly threshold),Monthly Habitat Compression Index over 35.5-40N,nan,nan,2.0,1.0
1988,9,1988-09,0.7347161572052402,nan,nan,nan,Habitat Area (fraction below monthly threshold),Monthly Habitat Compression Index over 35.5-40N,nan,nan,2.0,1.0
1988,10,1988-10,0.8624454148471615,nan,nan,nan,Habitat Area (fraction below monthly threshold),Monthly Habitat Compression Index over 35.5-40N,nan,nan,2.0,1.0
1988,11,1988-11,0.675764192139738,nan,nan,nan,Habitat Area (fraction below monthly threshold),Monthly Habitat Compression Index over 35.5-40N,nan,nan,2.0,1.0
1988,12,1988-12,0.6954148471615721,nan,nan,nan,Habitat Area (fraction below monthly threshold),Monthly Habitat Compression Index over 35.5-40N,nan,nan,2.0,1.0
1989,1,1989-01,1.0,nan,nan,nan,Habitat Area (fraction below monthly threshold),Monthly Habitat Compression Index over 35.5-40N,nan,nan,2.0,1.0
1989,2,1989-02,1.0,nan,nan,nan,Habitat Area (fraction below monthly threshold),Monthly Habitat Compression Index over 35.5-40N,nan,nan,2.0,1.0
1989,3,1989-03,0.8820960698689956,nan,nan,nan,Habitat Area (fraction below monthly threshold),Monthly Habitat Compression Index over 35.5-40N,nan,nan,2.0,1.0
1989,4,1989-04,0.084061135371179,nan,nan,nan,Habitat Area (fraction below monthly threshold),Monthly Habitat Compression Index over 35.5-40N,nan,nan,2.0,1.0
1989,5,1989-05,0.2030567685589519,nan,nan,nan,Habitat Area (fraction below monthly threshold),Monthly Habitat Compression Index over 35.5-40N,nan,nan,2.0,1.0
1989,6,1989-06,0.2914847161572052,nan,nan,nan,Habitat Area (fraction below monthly threshold),Monthly Habitat Compression Index over 35.5-40N,nan,nan,2.0,1.0
1989,7,1989-07,0.4497816593886463,nan,nan,nan,Habitat Area (fraction below monthly threshold),Monthly Habitat Compression Index over 35.5-40N,nan,nan,2.0,1.0
1989,8,1989-08,0.7194323144104804,nan,nan,nan,Habitat Area (fraction below monthly threshold),Monthly Habitat Compression Index over 35.5-40N,nan,nan,2.0,1.0
1989,9,1989-09,0.2576419213973799,nan,nan,nan,Habitat Area (fraction below monthly threshold),Monthly Habitat Compression Index over 35.5-40N,nan,nan,2.0,1.0
1989,10,1989-10,0.3296943231441048,nan,nan,nan,Habitat Area (fraction below monthly threshold),Monthly Habitat Compression Index over 35.5-40N,nan,nan,2.0,1.0
1989,11,1989-11,0.1713973799126637,nan,nan,nan,Habitat Area (fraction below monthly threshold),Monthly Habitat Compression Index over 35.5-40N,nan,nan,2.0,1.0
1989,12,1989-12,0.0141921397379912,nan,nan,nan,Habitat Area (fraction below monthly threshold),Monthly Habitat Compression Index over 35.5-40N,nan,nan,2.0,1.0
1990,1,1990-01,0.5993449781659389,nan,nan,nan,Habitat Area (fraction below monthly threshold),Monthly Habitat Compression Index over 35.5-40N,nan,nan,2.0,1.0
1990,2,1990-02,0.8438864628820961,nan,nan,nan,Habitat Area (fraction below monthly threshold),Monthly Habitat Compression Index over 35.5-40N,nan,nan,2.0,1.0
1990,3,1990-03,0.9770742358078602,nan,nan,nan,Habitat Area (fraction below monthly threshold),Monthly Habitat Compression Index over 35.5-40N,nan,nan,2.0,1.0
1990,4,1990-04,0.1604803493449781,nan,nan,nan,Habitat Area (fraction below monthly threshold),Monthly Habitat Compression Index over 35.5-40N,nan,nan,2.0,1.0
1990,5,1990-05,0.4858078602620087,nan,nan,nan,Habitat Area (fraction below monthly threshold),Monthly Habitat Compression Index over 35.5-40N,nan,nan,2.0,1.0
1990,6,1990-06,0.131004366812227,nan,nan,nan,Habitat Area (fraction below monthly threshold),Monthly Habitat Compression Index over 35.5-40N,nan,nan,2.0,1.0
1990,7,1990-07,0.0960698689956331,nan,nan,nan,Habitat Area (fraction below monthly threshold),Monthly Habitat Compression Index over 35.5-40N,nan,nan,2.0,1.0
1990,8,1990-08,0.0895196506550218,nan,nan,nan,Habitat Area (fraction below monthly threshold),Monthly Habitat Compression Index over 35.5-40N,nan,nan,2.0,1.0
1990,9,1990-09,0.0382096069868995,nan,nan,nan,Habitat Area (fraction below monthly threshold),Monthly Habitat Compression Index over 35.5-40N,nan,nan,2.0,1.0
1990,10,1990-10,0.4465065502183406,nan,nan,nan,Habitat Area (fraction below monthly threshold),Monthly Habitat Compression Index over 35.5-40N,nan,nan,2.0,1.0
1990,11,1990-11,0.4268558951965066,nan,nan,nan,Habitat Area (fraction below monthly threshold),Monthly Habitat Compression Index over 35.5-40N,nan,nan,2.0,1.0
1990,12,1990-12,0.6233624454148472,nan,nan,nan,Habitat Area (fraction below monthly threshold),Monthly Habitat Compression Index over 35.5-40N,nan,nan,2.0,1.0
1991,1,1991-01,0.9847161572052402,nan,nan,nan,Habitat Area (fraction below monthly threshold),Monthly Habitat Compression Index over 35.5-40N,nan,nan,2.0,1.0
1991,2,1991-02,0.767467248908297,nan,nan,nan,Habitat Area (fraction below monthly threshold),Monthly Habitat Compression Index over 35.5-40N,nan,nan,2.0,1.0
1991,3,1991-03,0.7740174672489083,nan,nan,nan,Habitat Area (fraction below monthly threshold),Monthly Habitat Compression Index over 35.5-40N,nan,nan,2.0,1.0
1991,4,1991-04,0.8013100436681223,nan,nan,nan,Habitat Area (fraction below monthly threshold),Monthly Habitat Compression Index over 35.5-40N,nan,nan,2.0,1.0
1991,5,1991-05,0.980349344978166,nan,nan,nan,Habitat Area (fraction below monthly threshold),Monthly Habitat Compression Index over 35.5-40N,nan,nan,2.0,1.0
1991,6,1991-06,0.8296943231441049,nan,nan,nan,Habitat Area (fraction below monthly threshold),Monthly Habitat Compression Index over 35.5-40N,nan,nan,2.0,1.0
1991,7,1991-07,0.5818777292576419,nan,nan,nan,Habitat Area (fraction below monthly threshold),Monthly Habitat Compression Index over 35.5-40N,nan,nan,2.0,1.0
1991,8,1991-08,0.2543668122270742,nan,nan,nan,Habitat Area (fraction below monthly threshold),Monthly Habitat Compression Index over 35.5-40N,nan,nan,2.0,1.0
1991,9,1991-09,0.2794759825327511,nan,nan,nan,Habitat Area (fraction below monthly threshold),Monthly Habitat Compression Index over 35.5-40N,nan,nan,2.0,1.0
1991,10,1991-10,0.3122270742358078,nan,nan,nan,Habitat Area (fraction below monthly threshold),Monthly Habitat Compression Index over 35.5-40N,nan,nan,2.0,1.0
1991,11,1991-11,0.517467248908297,nan,nan,nan,Habitat Area (fraction below monthly threshold),Monthly Habitat Compression Index over 35.5-40N,nan,nan,2.0,1.0
1991,12,1991-12,0.675764192139738,nan,nan,nan,Habitat Area (fraction below monthly threshold),Monthly Habitat Compression Index over 35.5-40N,nan,nan,2.0,1.0
1992,1,1992-01,0.6604803493449781,nan,nan,nan,Habitat Area (fraction below monthly threshold),Monthly Habitat Compression Index over 35.5-40N,nan,nan,2.0,1.0
1992,2,1992-02,0.0021834061135371,nan,nan,nan,Habitat Area (fraction below monthly threshold),Monthly Habitat Compression Index over 35.5-40N,nan,nan,2.0,1.0
1992,3,1992-03,0.0,nan,nan,nan,Habitat Area (fraction below monthly threshold),Monthly Habitat Compression Index over 35.5-40N,nan,nan,2.0,1.0
1992,4,1992-04,0.0,nan,nan,nan,Habitat Area (fraction below monthly threshold),Monthly Habitat Compression Index over 35.5-40N,nan,nan,2.0,1.0
1992,5,1992-05,0.0,nan,nan,nan,Habitat Area (fraction below monthly threshold),Monthly Habitat Compression Index over 35.5-40N,nan,nan,2.0,1.0
1992,6,1992-06,0.0491266375545851,nan,nan,nan,Habitat Area (fraction below monthly threshold),Monthly Habitat Compression Index over 35.5-40N,nan,nan,2.0,1.0
1992,7,1992-07,0.029475982532751,nan,nan,nan,Habitat Area (fraction below monthly threshold),Monthly Habitat Compression Index over 35.5-40N,nan,nan,2.0,1.0
1992,8,1992-08,0.2631004366812227,nan,nan,nan,Habitat Area (fraction below monthly threshold),Monthly Habitat Compression Index over 35.5-40N,nan,nan,2.0,1.0
1992,9,1992-09,0.1779475982532751,nan,nan,nan,Habitat Area (fraction below monthly threshold),Monthly Habitat Compression Index over 35.5-40N,nan,nan,2.0,1.0
1992,10,1992-10,0.0534934497816593,nan,nan,nan,Habitat Area (fraction below monthly threshold),Monthly Habitat Compression Index over 35.5-40N,nan,nan,2.0,1.0
1992,11,1992-11,0.0141921397379912,nan,nan,nan,Habitat Area (fraction below monthly threshold),Monthly Habitat Compression Index over 35.5-40N,nan,nan,2.0,1.0
1992,12,1992-12,0.0906113537117904,nan,nan,nan,Habitat Area (fraction below monthly threshold),Monthly Habitat Compression Index over 35.5-40N,nan,nan,2.0,1.0
1993,1,1993-01,0.601528384279476,nan,nan,nan,Habitat Area (fraction below monthly threshold),Monthly Habitat Compression Index over 35.5-40N,nan,nan,2.0,1.0
1993,2,1993-02,0.1910480349344978,nan,nan,nan,Habitat Area (fraction below monthly threshold),Monthly Habitat Compression Index over 35.5-40N,nan,nan,2.0,1.0
1993,3,1993-03,0.056768558951965,nan,nan,nan,Habitat Area (fraction below monthly threshold),Monthly Habitat Compression Index over 35.5-40N,nan,nan,2.0,1.0
1993,4,1993-04,0.0032751091703056,nan,nan,nan,Habitat Area (fraction below monthly threshold),Monthly Habitat Compression Index over 35.5-40N,nan,nan,2.0,1.0
1993,5,1993-05,0.0,nan,nan,nan,Habitat Area (fraction below monthly threshold),Monthly Habitat Compression Index over 35.5-40N,nan,nan,2.0,1.0
1993,6,1993-06,0.0338427947598253,nan,nan,nan,Habitat Area (fraction below monthly threshold),Monthly Habitat Compression Index over 35.5-40N,nan,nan,2.0,1.0
1993,7,1993-07,0.324235807860262,nan,nan,nan,Habitat Area (fraction below monthly threshold),Monthly Habitat Compression Index over 35.5-40N,nan,nan,2.0,1.0
1993,8,1993-08,0.1899563318777292,nan,nan,nan,Habitat Area (fraction below monthly threshold),Monthly Habitat Compression Index over 35.5-40N,nan,nan,2.0,1.0
1993,9,1993-09,0.3089519650655022,nan,nan,nan,Habitat Area (fraction below monthly threshold),Monthly Habitat Compression Index over 35.5-40N,nan,nan,2.0,1.0
1993,10,1993-10,0.1670305676855895,nan,nan,nan,Habitat Area (fraction below monthly threshold),Monthly Habitat Compression Index over 35.5-40N,nan,nan,2.0,1.0
1993,11,1993-11,0.1823144104803493,nan,nan,nan,Habitat Area (fraction below monthly threshold),Monthly Habitat Compression Index over 35.5-40N,nan,nan,2.0,1.0
1993,12,1993-12,0.2030567685589519,nan,nan,nan,Habitat Area (fraction below monthly threshold),Monthly Habitat Compression Index over 35.5-40N,nan,nan,2.0,1.0
1994,1,1994-01,0.0873362445414847,nan,nan,nan,Habitat Area (fraction below monthly threshold),Monthly Habitat Compression Index over 35.5-40N,nan,nan,2.0,1.0
1994,2,1994-02,0.2849344978165939,nan,nan,nan,Habitat Area (fraction below monthly threshold),Monthly Habitat Compression Index over 35.5-40N,nan,nan,2.0,1.0
1994,3,1994-03,0.0414847161572052,nan,nan,nan,Habitat Area (fraction below monthly threshold),Monthly Habitat Compression Index over 35.5-40N,nan,nan,2.0,1.0
1994,4,1994-04,0.1462882096069869,nan,nan,nan,Habitat Area (fraction below monthly threshold),Monthly Habitat Compression Index over 35.5-40N,nan,nan,2.0,1.0
1994,5,1994-05,0.232532751091703,nan,nan,nan,Habitat Area (fraction below monthly threshold),Monthly Habitat Compression Index over 35.5-40N,nan,nan,2.0,1.0
1994,6,1994-06,0.2980349344978166,nan,nan,nan,Habitat Area (fraction below monthly threshold),Monthly Habitat Compression Index over 35.5-40N,nan,nan,2.0,1.0
1994,7,1994-07,0.5,nan,nan,nan,Habitat Area (fraction below monthly threshold),Monthly Habitat Compression Index over 35.5-40N,nan,nan,2.0,1.0
1994,8,1994-08,0.3056768558951965,nan,nan,nan,Habitat Area (fraction below monthly threshold),Monthly Habitat Compression Index over 35.5-40N,nan,nan,2.0,1.0
1994,9,1994-09,0.0644104803493449,nan,nan,nan,Habitat Area (fraction below monthly threshold),Monthly Habitat Compression Index over 35.5-40N,nan,nan,2.0,1.0
1994,10,1994-10,0.3777292576419214,nan,nan,nan,Habitat Area (fraction below monthly threshold),Monthly Habitat Compression Index over 35.5-40N,nan,nan,2.0,1.0
1994,11,1994-11,0.777292576419214,nan,nan,nan,Habitat Area (fraction below monthly threshold),Monthly Habitat Compression Index over 35.5-40N,nan,nan,2.0,1.0
1994,12,1994-12,0.6255458515283843,nan,nan,nan,Habitat Area (fraction below monthly threshold),Monthly Habitat Compression Index over 35.5-40N,nan,nan,2.0,1.0
1995,1,1995-01,0.7805676855895196,nan,nan,nan,Habitat Area (fraction below monthly threshold),Monthly Habitat Compression Index over 35.5-40N,nan,nan,2.0,1.0
1995,2,1995-02,0.0327510917030567,nan,nan,nan,Habitat Area (fraction below monthly threshold),Monthly Habitat Compression Index over 35.5-40N,nan,nan,2.0,1.0
1995,3,1995-03,0.0218340611353711,nan,nan,nan,Habitat Area (fraction below monthly threshold),Monthly Habitat Compression Index over 35.5-40N,nan,nan,2.0,1.0
1995,4,1995-04,0.0644104803493449,nan,nan,nan,Habitat Area (fraction below monthly threshold),Monthly Habitat Compression Index over 35.5-40N,nan,nan,2.0,1.0
1995,5,1995-05,0.0971615720524017,nan,nan,nan,Habitat Area (fraction below monthly threshold),Monthly Habitat Compression Index over 35.5-40N,nan,nan,2.0,1.0
1995,6,1995-06,0.1539301310043668,nan,nan,nan,Habitat Area (fraction below monthly threshold),Monthly Habitat Compression Index over 35.5-40N,nan,nan,2.0,1.0
1995,7,1995-07,0.0272925764192139,nan,nan,nan,Habitat Area (fraction below monthly threshold),Monthly Habitat Compression Index over 35.5-40N,nan,nan,2.0,1.0
1995,8,1995-08,0.12117903930131,nan,nan,nan,Habitat Area (fraction below monthly threshold),Monthly Habitat Compression Index over 35.5-40N,nan,nan,2.0,1.0
1995,9,1995-09,0.029475982532751,nan,nan,nan,Habitat Area (fraction below monthly threshold),Monthly Habitat Compression Index over 35.5-40N,nan,nan,2.0,1.0
1995,10,1995-10,0.12117903930131,nan,nan,nan,Habitat Area (fraction below monthly threshold),Monthly Habitat Compression Index over 35.5-40N,nan,nan,2.0,1.0
1995,11,1995-11,0.2161572052401746,nan,nan,nan,Habitat Area (fraction below monthly threshold),Monthly Habitat Compression Index over 35.5-40N,nan,nan,2.0,1.0
1995,12,1995-12,0.0021834061135371,nan,nan,nan,Habitat Area (fraction below monthly threshold),Monthly Habitat Compression Index over 35.5-40N,nan,nan,2.0,1.0
1996,1,1996-01,0.0218340611353711,nan,nan,nan,Habitat Area (fraction below monthly threshold),Monthly Habitat Compression Index over 35.5-40N,nan,nan,2.0,1.0
1996,2,1996-02,0.0,nan,nan,nan,Habitat Area (fraction below monthly threshold),Monthly Habitat Compression Index over 35.5-40N,nan,nan,2.0,1.0
1996,3,1996-03,0.029475982532751,nan,nan,nan,Habitat Area (fraction below monthly threshold),Monthly Habitat Compression Index over 35.5-40N,nan,nan,2.0,1.0
1996,4,1996-04,0.0021834061135371,nan,nan,nan,Habitat Area (fraction below monthly threshold),Monthly Habitat Compression Index over 35.5-40N,nan,nan,2.0,1.0
1996,5,1996-05,0.1506550218340611,nan,nan,nan,Habitat Area (fraction below monthly threshold),Monthly Habitat Compression Index over 35.5-40N,nan,nan,2.0,1.0
1996,6,1996-06,0.5349344978165939,nan,nan,nan,Habitat Area (fraction below monthly threshold),Monthly Habitat Compression Index over 35.5-40N,nan,nan,2.0,1.0
1996,7,1996-07,0.4661572052401747,nan,nan,nan,Habitat Area (fraction below monthly threshold),Monthly Habitat Compression Index over 35.5-40N,nan,nan,2.0,1.0
1996,8,1996-08,0.6037117903930131,nan,nan,nan,Habitat Area (fraction below monthly threshold),Monthly Habitat Compression Index over 35.5-40N,nan,nan,2.0,1.0
1996,9,1996-09,0.4432314410480349,nan,nan,nan,Habitat Area (fraction below monthly threshold),Monthly Habitat Compression Index over 35.5-40N,nan,nan,2.0,1.0
1996,10,1996-10,0.4737991266375546,nan,nan,nan,Habitat Area (fraction below monthly threshold),Monthly Habitat Compression Index over 35.5-40N,nan,nan,2.0,1.0
1996,11,1996-11,0.4596069868995633,nan,nan,nan,Habitat Area (fraction below monthly threshold),Monthly Habitat Compression Index over 35.5-40N,nan,nan,2.0,1.0
1996,12,1996-12,0.1757641921397379,nan,nan,nan,Habitat Area (fraction below monthly threshold),Monthly Habitat Compression Index over 35.5-40N,nan,nan,2.0,1.0
1997,1,1997-01,0.3067685589519651,nan,nan,nan,Habitat Area (fraction below monthly threshold),Monthly Habitat Compression Index over 35.5-40N,nan,nan,2.0,1.0
1997,2,1997-02,0.2849344978165939,nan,nan,nan,Habitat Area (fraction below monthly threshold),Monthly Habitat Compression Index over 35.5-40N,nan,nan,2.0,1.0
1997,3,1997-03,0.6299126637554585,nan,nan,nan,Habitat Area (fraction below monthly threshold),Monthly Habitat Compression Index over 35.5-40N,nan,nan,2.0,1.0
1997,4,1997-04,0.1812227074235808,nan,nan,nan,Habitat Area (fraction below monthly threshold),Monthly Habitat Compression Index over 35.5-40N,nan,nan,2.0,1.0
1997,5,1997-05,0.0,nan,nan,nan,Habitat Area (fraction below monthly threshold),Monthly Habitat Compression Index over 35.5-40N,nan,nan,2.0,1.0
1997,6,1997-06,0.0513100436681222,nan,nan,nan,Habitat Area (fraction below monthly threshold),Monthly Habitat Compression Index over 35.5-40N,nan,nan,2.0,1.0
1997,7,1997-07,0.1724890829694323,nan,nan,nan,Habitat Area (fraction below monthly threshold),Monthly Habitat Compression Index over 35.5-40N,nan,nan,2.0,1.0
1997,8,1997-08,0.0021834061135371,nan,nan,nan,Habitat Area (fraction below monthly threshold),Monthly Habitat Compression Index over 35.5-40N,nan,nan,2.0,1.0
1997,9,1997-09,0.0,nan,nan,nan,Habitat Area (fraction below monthly threshold),Monthly Habitat Compression Index over 35.5-40N,nan,nan,2.0,1.0
1997,10,1997-10,0.0524017467248908,nan,nan,nan,Habitat Area (fraction below monthly threshold),Monthly Habitat Compression Index over 35.5-40N,nan,nan,2.0,1.0
1997,11,1997-11,0.0,nan,nan,nan,Habitat Area (fraction below monthly threshold),Monthly Habitat Compression Index over 35.5-40N,nan,nan,2.0,1.0
1997,12,1997-12,0.0,nan,nan,nan,Habitat Area (fraction below monthly threshold),Monthly Habitat Compression Index over 35.5-40N,nan,nan,2.0,1.0
1998,1,1998-01,0.0,nan,nan,nan,Habitat Area (fraction below monthly threshold),Monthly Habitat Compression Index over 35.5-40N,nan,nan,2.0,1.0
1998,2,1998-02,0.0,nan,nan,nan,Habitat Area (fraction below monthly threshold),Monthly Habitat Compression Index over 35.5-40N,nan,nan,2.0,1.0
1998,3,1998-03,0.0,nan,nan,nan,Habitat Area (fraction below monthly threshold),Monthly Habitat Compression Index over 35.5-40N,nan,nan,2.0,1.0
1998,4,1998-04,0.0764192139737991,nan,nan,nan,Habitat Area (fraction below monthly threshold),Monthly Habitat Compression Index over 35.5-40N,nan,nan,2.0,1.0
1998,5,1998-05,0.0043668122270742,nan,nan,nan,Habitat Area (fraction below monthly threshold),Monthly Habitat Compression Index over 35.5-40N,nan,nan,2.0,1.0
1998,6,1998-06,0.0065502183406113,nan,nan,nan,Habitat Area (fraction below monthly threshold),Monthly Habitat Compression Index over 35.5-40N,nan,nan,2.0,1.0
1998,7,1998-07,0.1986899563318777,nan,nan,nan,Habitat Area (fraction below monthly threshold),Monthly Habitat Compression Index over 35.5-40N,nan,nan,2.0,1.0
1998,8,1998-08,0.2368995633187773,nan,nan,nan,Habitat Area (fraction below monthly threshold),Monthly Habitat Compression Index over 35.5-40N,nan,nan,2.0,1.0
1998,9,1998-09,0.2412663755458515,nan,nan,nan,Habitat Area (fraction below monthly threshold),Monthly Habitat Compression Index over 35.5-40N,nan,nan,2.0,1.0
1998,10,1998-10,0.3930131004366812,nan,nan,nan,Habitat Area (fraction below monthly threshold),Monthly Habitat Compression Index over 35.5-40N,nan,nan,2.0,1.0
1998,11,1998-11,0.3700873362445415,nan,nan,nan,Habitat Area (fraction below monthly threshold),Monthly Habitat Compression Index over 35.5-40N,nan,nan,2.0,1.0
1998,12,1998-12,0.5862445414847162,nan,nan,nan,Habitat Area (fraction below monthly threshold),Monthly Habitat Compression Index over 35.5-40N,nan,nan,2.0,1.0
1999,1,1999-01,0.9792576419213974,nan,nan,nan,Habitat Area (fraction below monthly threshold),Monthly Habitat Compression Index over 35.5-40N,nan,nan,2.0,1.0
1999,2,1999-02,0.9868995633187772,nan,nan,nan,Habitat Area (fraction below monthly threshold),Monthly Habitat Compression Index over 35.5-40N,nan,nan,2.0,1.0
1999,3,1999-03,0.9967248908296944,nan,nan,nan,Habitat Area (fraction below monthly threshold),Monthly Habitat Compression Index over 35.5-40N,nan,nan,2.0,1.0
1999,4,1999-04,0.8668122270742358,nan,nan,nan,Habitat Area (fraction below monthly threshold),Monthly Habitat Compression Index over 35.5-40N,nan,nan,2.0,1.0
1999,5,1999-05,0.9847161572052402,nan,nan,nan,Habitat Area (fraction below monthly threshold),Monthly Habitat Compression Index over 35.5-40N,nan,nan,2.0,1.0
1999,6,1999-06,0.7183406113537117,nan,nan,nan,Habitat Area (fraction below monthly threshold),Monthly Habitat Compression Index over 35.5-40N,nan,nan,2.0,1.0
1999,7,1999-07,0.5294759825327511,nan,nan,nan,Habitat Area (fraction below monthly threshold),Monthly Habitat Compression Index over 35.5-40N,nan,nan,2.0,1.0
1999,8,1999-08,0.222707423580786,nan,nan,nan,Habitat Area (fraction below monthly threshold),Monthly Habitat Compression Index over 35.5-40N,nan,nan,2.0,1.0
1999,9,1999-09,0.3100436681222707,nan,nan,nan,Habitat Area (fraction below monthly threshold),Monthly Habitat Compression Index over 35.5-40N,nan,nan,2.0,1.0
1999,10,1999-10,0.517467248908297,nan,nan,nan,Habitat Area (fraction below monthly threshold),Monthly Habitat Compression Index over 35.5-40N,nan,nan,2.0,1.0
1999,11,1999-11,0.3820960698689956,nan,nan,nan,Habitat Area (fraction below monthly threshold),Monthly Habitat Compression Index over 35.5-40N,nan,nan,2.0,1.0
1999,12,1999-12,0.5218340611353712,nan,nan,nan,Habitat Area (fraction below monthly threshold),Monthly Habitat Compression Index over 35.5-40N,nan,nan,2.0,1.0
2000,1,2000-01,0.9847161572052402,nan,nan,nan,Habitat Area (fraction below monthly threshold),Monthly Habitat Compression Index over 35.5-40N,nan,nan,2.0,1.0
2000,2,2000-02,0.2991266375545851,nan,nan,nan,Habitat Area (fraction below monthly threshold),Monthly Habitat Compression Index over 35.5-40N,nan,nan,2.0,1.0
2000,3,2000-03,0.7270742358078602,nan,nan,nan,Habitat Area (fraction below monthly threshold),Monthly Habitat Compression Index over 35.5-40N,nan,nan,2.0,1.0
2000,4,2000-04,0.1288209606986899,nan,nan,nan,Habitat Area (fraction below monthly threshold),Monthly Habitat Compression Index over 35.5-40N,nan,nan,2.0,1.0
2000,5,2000-05,0.1528384279475982,nan,nan,nan,Habitat Area (fraction below monthly threshold),Monthly Habitat Compression Index over 35.5-40N,nan,nan,2.0,1.0
2000,6,2000-06,0.1943231441048035,nan,nan,nan,Habitat Area (fraction below monthly threshold),Monthly Habitat Compression Index over 35.5-40N,nan,nan,2.0,1.0
2000,7,2000-07,0.3187772925764192,nan,nan,nan,Habitat Area (fraction below monthly threshold),Monthly Habitat Compression Index over 35.5-40N,nan,nan,2.0,1.0
2000,8,2000-08,0.5065502183406113,nan,nan,nan,Habitat Area (fraction below monthly threshold),Monthly Habitat Compression Index over 35.5-40N,nan,nan,2.0,1.0
2000,9,2000-09,0.1823144104803493,nan,nan,nan,Habitat Area (fraction below monthly threshold),Monthly Habitat Compression Index over 35.5-40N,nan,nan,2.0,1.0
2000,10,2000-10,0.398471615720524,nan,nan,nan,Habitat Area (fraction below monthly threshold),Monthly Habitat Compression Index over 35.5-40N,nan,nan,2.0,1.0
2000,11,2000-11,0.732532751091703,nan,nan,nan,Habitat Area (fraction below monthly threshold),Monthly Habitat Compression Index over 35.5-40N,nan,nan,2.0,1.0
2000,12,2000-12,0.3373362445414847,nan,nan,nan,Habitat Area (fraction below monthly threshold),Monthly Habitat Compression Index over 35.5-40N,nan,nan,2.0,1.0
2001,1,2001-01,0.9093886462882096,nan,nan,nan,Habitat Area (fraction below monthly threshold),Monthly Habitat Compression Index over 35.5-40N,nan,nan,2.0,1.0
2001,2,2001-02,0.9759825327510916,nan,nan,nan,Habitat Area (fraction below monthly threshold),Monthly Habitat Compression Index over 35.5-40N,nan,nan,2.0,1.0
2001,3,2001-03,0.6703056768558951,nan,nan,nan,Habitat Area (fraction below monthly threshold),Monthly Habitat Compression Index over 35.5-40N,nan,nan,2.0,1.0
2001,4,2001-04,0.7194323144104804,nan,nan,nan,Habitat Area (fraction below monthly threshold),Monthly Habitat Compression Index over 35.5-40N,nan,nan,2.0,1.0
2001,5,2001-05,0.5818777292576419,nan,nan,nan,Habitat Area (fraction below monthly threshold),Monthly Habitat Compression Index over 35.5-40N,nan,nan,2.0,1.0
2001,6,2001-06,0.3657205240174672,nan,nan,nan,Habitat Area (fraction below monthly threshold),Monthly Habitat Compression Index over 35.5-40N,nan,nan,2.0,1.0
2001,7,2001-07,0.3209606986899563,nan,nan,nan,Habitat Area (fraction below monthly threshold),Monthly Habitat Compression Index over 35.5-40N,nan,nan,2.0,1.0
2001,8,2001-08,0.4181222707423581,nan,nan,nan,Habitat Area (fraction below monthly threshold),Monthly Habitat Compression Index over 35.5-40N,nan,nan,2.0,1.0
2001,9,2001-09,0.324235807860262,nan,nan,nan,Habitat Area (fraction below monthly threshold),Monthly Habitat Compression Index over 35.5-40N,nan,nan,2.0,1.0
2001,10,2001-10,0.5578602620087336,nan,nan,nan,Habitat Area (fraction below monthly threshold),Monthly Habitat Compression Index over 35.5-40N,nan,nan,2.0,1.0
2001,11,2001-11,0.4279475982532751,nan,nan,nan,Habitat Area (fraction below monthly threshold),Monthly Habitat Compression Index over 35.5-40N,nan,nan,2.0,1.0
2001,12,2001-12,0.7893013100436681,nan,nan,nan,Habitat Area (fraction below monthly threshold),Monthly Habitat Compression Index over 35.5-40N,nan,nan,2.0,1.0
2002,1,2002-01,0.9956331877729258,nan,nan,nan,Habitat Area (fraction below monthly threshold),Monthly Habitat Compression Index over 35.5-40N,nan,nan,2.0,1.0
2002,2,2002-02,0.9213973799126638,nan,nan,nan,Habitat Area (fraction below monthly threshold),Monthly Habitat Compression Index over 35.5-40N,nan,nan,2.0,1.0
2002,3,2002-03,0.7139737991266376,nan,nan,nan,Habitat Area (fraction below monthly threshold),Monthly Habitat Compression Index over 35.5-40N,nan,nan,2.0,1.0
2002,4,2002-04,0.5021834061135371,nan,nan,nan,Habitat Area (fraction below monthly threshold),Monthly Habitat Compression Index over 35.5-40N,nan,nan,2.0,1.0
2002,5,2002-05,0.8569868995633187,nan,nan,nan,Habitat Area (fraction below monthly threshold),Monthly Habitat Compression Index over 35.5-40N,nan,nan,2.0,1.0
2002,6,2002-06,0.5676855895196506,nan,nan,nan,Habitat Area (fraction below monthly threshold),Monthly Habitat Compression Index over 35.5-40N,nan,nan,2.0,1.0
2002,7,2002-07,0.3002183406113537,nan,nan,nan,Habitat Area (fraction below monthly threshold),Monthly Habitat Compression Index over 35.5-40N,nan,nan,2.0,1.0
2002,8,2002-08,0.5807860262008734,nan,nan,nan,Habitat Area (fraction below monthly threshold),Monthly Habitat Compression Index over 35.5-40N,nan,nan,2.0,1.0
2002,9,2002-09,0.5316593886462883,nan,nan,nan,Habitat Area (fraction below monthly threshold),Monthly Habitat Compression Index over 35.5-40N,nan,nan,2.0,1.0
2002,10,2002-10,0.6801310043668122,nan,nan,nan,Habitat Area (fraction below monthly threshold),Monthly Habitat Compression Index over 35.5-40N,nan,nan,2.0,1.0
2002,11,2002-11,0.6244541484716157,nan,nan,nan,Habitat Area (fraction below monthly threshold),Monthly Habitat Compression Index over 35.5-40N,nan,nan,2.0,1.0
2002,12,2002-12,0.0447598253275109,nan,nan,nan,Habitat Area (fraction below monthly threshold),Monthly Habitat Compression Index over 35.5-40N,nan,nan,2.0,1.0
2003,1,2003-01,0.0141921397379912,nan,nan,nan,Habitat Area (fraction below monthly threshold),Monthly Habitat Compression Index over 35.5-40N,nan,nan,2.0,1.0
2003,2,2003-02,0.0109170305676855,nan,nan,nan,Habitat Area (fraction below monthly threshold),Monthly Habitat Compression Index over 35.5-40N,nan,nan,2.0,1.0
2003,3,2003-03,0.2925764192139738,nan,nan,nan,Habitat Area (fraction below monthly threshold),Monthly Habitat Compression Index over 35.5-40N,nan,nan,2.0,1.0
2003,4,2003-04,0.0731441048034934,nan,nan,nan,Habitat Area (fraction below monthly threshold),Monthly Habitat Compression Index over 35.5-40N,nan,nan,2.0,1.0
2003,5,2003-05,0.3318777292576419,nan,nan,nan,Habitat Area (fraction below monthly threshold),Monthly Habitat Compression Index over 35.5-40N,nan,nan,2.0,1.0
2003,6,2003-06,0.3013100436681222,nan,nan,nan,Habitat Area (fraction below monthly threshold),Monthly Habitat Compression Index over 35.5-40N,nan,nan,2.0,1.0
2003,7,2003-07,0.3002183406113537,nan,nan,nan,Habitat Area (fraction below monthly threshold),Monthly Habitat Compression Index over 35.5-40N,nan,nan,2.0,1.0
2003,8,2003-08,0.0895196506550218,nan,nan,nan,Habitat Area (fraction below monthly threshold),Monthly Habitat Compression Index over 35.5-40N,nan,nan,2.0,1.0
2003,9,2003-09,0.1157205240174672,nan,nan,nan,Habitat Area (fraction below monthly threshold),Monthly Habitat Compression Index over 35.5-40N,nan,nan,2.0,1.0
2003,10,2003-10,0.5851528384279476,nan,nan,nan,Habitat Area (fraction below monthly threshold),Monthly Habitat Compression Index over 35.5-40N,nan,nan,2.0,1.0
2003,11,2003-11,0.4890829694323144,nan,nan,nan,Habitat Area (fraction below monthly threshold),Monthly Habitat Compression Index over 35.5-40N,nan,nan,2.0,1.0
2003,12,2003-12,0.2652838427947598,nan,nan,nan,Habitat Area (fraction below monthly threshold),Monthly Habitat Compression Index over 35.5-40N,nan,nan,2.0,1.0
2004,1,2004-01,0.7117903930131004,nan,nan,nan,Habitat Area (fraction below monthly threshold),Monthly Habitat Compression Index over 35.5-40N,nan,nan,2.0,1.0
2004,2,2004-02,0.4683406113537118,nan,nan,nan,Habitat Area (fraction below monthly threshold),Monthly Habitat Compression Index over 35.5-40N,nan,nan,2.0,1.0
2004,3,2004-03,0.398471615720524,nan,nan,nan,Habitat Area (fraction below monthly threshold),Monthly Habitat Compression Index over 35.5-40N,nan,nan,2.0,1.0
2004,4,2004-04,0.1451965065502183,nan,nan,nan,Habitat Area (fraction below monthly threshold),Monthly Habitat Compression Index over 35.5-40N,nan,nan,2.0,1.0
2004,5,2004-05,0.1386462882096069,nan,nan,nan,Habitat Area (fraction below monthly threshold),Monthly Habitat Compression Index over 35.5-40N,nan,nan,2.0,1.0
2004,6,2004-06,0.2663755458515284,nan,nan,nan,Habitat Area (fraction below monthly threshold),Monthly Habitat Compression Index over 35.5-40N,nan,nan,2.0,1.0
2004,7,2004-07,0.2172489082969432,nan,nan,nan,Habitat Area (fraction below monthly threshold),Monthly Habitat Compression Index over 35.5-40N,nan,nan,2.0,1.0
2004,8,2004-08,0.2543668122270742,nan,nan,nan,Habitat Area (fraction below monthly threshold),Monthly Habitat Compression Index over 35.5-40N,nan,nan,2.0,1.0
2004,9,2004-09,0.2456331877729257,nan,nan,nan,Habitat Area (fraction below monthly threshold),Monthly Habitat Compression Index over 35.5-40N,nan,nan,2.0,1.0
2004,10,2004-10,0.3384279475982533,nan,nan,nan,Habitat Area (fraction below monthly threshold),Monthly Habitat Compression Index over 35.5-40N,nan,nan,2.0,1.0
2004,11,2004-11,0.4312227074235807,nan,nan,nan,Habitat Area (fraction below monthly threshold),Monthly Habitat Compression Index over 35.5-40N,nan,nan,2.0,1.0
2004,12,2004-12,0.4945414847161572,nan,nan,nan,Habitat Area (fraction below monthly threshold),Monthly Habitat Compression Index over 35.5-40N,nan,nan,2.0,1.0
2005,1,2005-01,0.509825327510917,nan,nan,nan,Habitat Area (fraction below monthly threshold),Monthly Habitat Compression Index over 35.5-40N,nan,nan,2.0,1.0
2005,2,2005-02,0.1441048034934497,nan,nan,nan,Habitat Area (fraction below monthly threshold),Monthly Habitat Compression Index over 35.5-40N,nan,nan,2.0,1.0
2005,3,2005-03,0.0633187772925764,nan,nan,nan,Habitat Area (fraction below monthly threshold),Monthly Habitat Compression Index over 35.5-40N,nan,nan,2.0,1.0
2005,4,2005-04,0.0960698689956331,nan,nan,nan,Habitat Area (fraction below monthly threshold),Monthly Habitat Compression Index over 35.5-40N,nan,nan,2.0,1.0
2005,5,2005-05,0.0,nan,nan,nan,Habitat Area (fraction below monthly threshold),Monthly Habitat Compression Index over 35.5-40N,nan,nan,2.0,1.0
2005,6,2005-06,0.2401746724890829,nan,nan,nan,Habitat Area (fraction below monthly threshold),Monthly Habitat Compression Index over 35.5-40N,nan,nan,2.0,1.0
2005,7,2005-07,0.3548034934497817,nan,nan,nan,Habitat Area (fraction below monthly threshold),Monthly Habitat Compression Index over 35.5-40N,nan,nan,2.0,1.0
2005,8,2005-08,0.6244541484716157,nan,nan,nan,Habitat Area (fraction below monthly threshold),Monthly Habitat Compression Index over 35.5-40N,nan,nan,2.0,1.0
2005,9,2005-09,0.5502183406113537,nan,nan,nan,Habitat Area (fraction below monthly threshold),Monthly Habitat Compression Index over 35.5-40N,nan,nan,2.0,1.0
2005,10,2005-10,0.665938864628821,nan,nan,nan,Habitat Area (fraction below monthly threshold),Monthly Habitat Compression Index over 35.5-40N,nan,nan,2.0,1.0
2005,11,2005-11,0.3362445414847161,nan,nan,nan,Habitat Area (fraction below monthly threshold),Monthly Habitat Compression Index over 35.5-40N,nan,nan,2.0,1.0
2005,12,2005-12,0.1834061135371179,nan,nan,nan,Habitat Area (fraction below monthly threshold),Monthly Habitat Compression Index over 35.5-40N,nan,nan,2.0,1.0
2006,1,2006-01,0.148471615720524,nan,nan,nan,Habitat Area (fraction below monthly threshold),Monthly Habitat Compression Index over 35.5-40N,nan,nan,2.0,1.0
2006,2,2006-02,0.158296943231441,nan,nan,nan,Habitat Area (fraction below monthly threshold),Monthly Habitat Compression Index over 35.5-40N,nan,nan,2.0,1.0
2006,3,2006-03,0.6986899563318777,nan,nan,nan,Habitat Area (fraction below monthly threshold),Monthly Habitat Compression Index over 35.5-40N,nan,nan,2.0,1.0
2006,4,2006-04,0.1135371179039301,nan,nan,nan,Habitat Area (fraction below monthly threshold),Monthly Habitat Compression Index over 35.5-40N,nan,nan,2.0,1.0
2006,5,2006-05,0.314410480349345,nan,nan,nan,Habitat Area (fraction below monthly threshold),Monthly Habitat Compression Index over 35.5-40N,nan,nan,2.0,1.0
2006,6,2006-06,0.1386462882096069,nan,nan,nan,Habitat Area (fraction below monthly threshold),Monthly Habitat Compression Index over 35.5-40N,nan,nan,2.0,1.0
2006,7,2006-07,0.2019650655021834,nan,nan,nan,Habitat Area (fraction below monthly threshold),Monthly Habitat Compression Index over 35.5-40N,nan,nan,2.0,1.0
2006,8,2006-08,0.4181222707423581,nan,nan,nan,Habitat Area (fraction below monthly threshold),Monthly Habitat Compression Index over 35.5-40N,nan,nan,2.0,1.0
2006,9,2006-09,0.6888646288209607,nan,nan,nan,Habitat Area (fraction below monthly threshold),Monthly Habitat Compression Index over 35.5-40N,nan,nan,2.0,1.0
2006,10,2006-10,0.4432314410480349,nan,nan,nan,Habitat Area (fraction below monthly threshold),Monthly Habitat Compression Index over 35.5-40N,nan,nan,2.0,1.0
2006,11,2006-11,0.2467248908296943,nan,nan,nan,Habitat Area (fraction below monthly threshold),Monthly Habitat Compression Index over 35.5-40N,nan,nan,2.0,1.0
2006,12,2006-12,0.3897379912663755,nan,nan,nan,Habitat Area (fraction below monthly threshold),Monthly Habitat Compression Index over 35.5-40N,nan,nan,2.0,1.0
2007,1,2007-01,0.9956331877729258,nan,nan,nan,Habitat Area (fraction below monthly threshold),Monthly Habitat Compression Index over 35.5-40N,nan,nan,2.0,1.0
2007,2,2007-02,0.7838427947598253,nan,nan,nan,Habitat Area (fraction below monthly threshold),Monthly Habitat Compression Index over 35.5-40N,nan,nan,2.0,1.0
2007,3,2007-03,0.8111353711790393,nan,nan,nan,Habitat Area (fraction below monthly threshold),Monthly Habitat Compression Index over 35.5-40N,nan,nan,2.0,1.0
2007,4,2007-04,0.5884279475982532,nan,nan,nan,Habitat Area (fraction below monthly threshold),Monthly Habitat Compression Index over 35.5-40N,nan,nan,2.0,1.0
2007,5,2007-05,0.6397379912663755,nan,nan,nan,Habitat Area (fraction below monthly threshold),Monthly Habitat Compression Index over 35.5-40N,nan,nan,2.0,1.0
2007,6,2007-06,0.5163755458515283,nan,nan,nan,Habitat Area (fraction below monthly threshold),Monthly Habitat Compression Index over 35.5-40N,nan,nan,2.0,1.0
2007,7,2007-07,0.2106986899563318,nan,nan,nan,Habitat Area (fraction below monthly threshold),Monthly Habitat Compression Index over 35.5-40N,nan,nan,2.0,1.0
2007,8,2007-08,0.2183406113537118,nan,nan,nan,Habitat Area (fraction below monthly threshold),Monthly Habitat Compression Index over 35.5-40N,nan,nan,2.0,1.0
2007,9,2007-09,0.2237991266375545,nan,nan,nan,Habitat Area (fraction below monthly threshold),Monthly Habitat Compression Index over 35.5-40N,nan,nan,2.0,1.0
2007,10,2007-10,0.5786026200873362,nan,nan,nan,Habitat Area (fraction below monthly threshold),Monthly Habitat Compression Index over 35.5-40N,nan,nan,2.0,1.0
2007,11,2007-11,0.6058951965065502,nan,nan,nan,Habitat Area (fraction below monthly threshold),Monthly Habitat Compression Index over 35.5-40N,nan,nan,2.0,1.0
2007,12,2007-12,0.9945414847161572,nan,nan,nan,Habitat Area (fraction below monthly threshold),Monthly Habitat Compression Index over 35.5-40N,nan,nan,2.0,1.0
2008,1,2008-01,1.0,nan,nan,nan,Habitat Area (fraction below monthly threshold),Monthly Habitat Compression Index over 35.5-40N,nan,nan,2.0,1.0
2008,2,2008-02,1.0,nan,nan,nan,Habitat Area (fraction below monthly threshold),Monthly Habitat Compression Index over 35.5-40N,nan,nan,2.0,1.0
2008,3,2008-03,1.0,nan,nan,nan,Habitat Area (fraction below monthly threshold),Monthly Habitat Compression Index over 35.5-40N,nan,nan,2.0,1.0
2008,4,2008-04,0.925764192139738,nan,nan,nan,Habitat Area (fraction below monthly threshold),Monthly Habitat Compression Index over 35.5-40N,nan,nan,2.0,1.0
2008,5,2008-05,0.9388646288209608,nan,nan,nan,Habitat Area (fraction below monthly threshold),Monthly Habitat Compression Index over 35.5-40N,nan,nan,2.0,1.0
2008,6,2008-06,0.7139737991266376,nan,nan,nan,Habitat Area (fraction below monthly threshold),Monthly Habitat Compression Index over 35.5-40N,nan,nan,2.0,1.0
2008,7,2008-07,0.4290393013100436,nan,nan,nan,Habitat Area (fraction below monthly threshold),Monthly Habitat Compression Index over 35.5-40N,nan,nan,2.0,1.0
2008,8,2008-08,0.5262008733624454,nan,nan,nan,Habitat Area (fraction below monthly threshold),Monthly Habitat Compression Index over 35.5-40N,nan,nan,2.0,1.0
2008,9,2008-09,0.5185589519650655,nan,nan,nan,Habitat Area (fraction below monthly threshold),Monthly Habitat Compression Index over 35.5-40N,nan,nan,2.0,1.0
2008,10,2008-10,0.6965065502183406,nan,nan,nan,Habitat Area (fraction below monthly threshold),Monthly Habitat Compression Index over 35.5-40N,nan,nan,2.0,1.0
2008,11,2008-11,0.3471615720524017,nan,nan,nan,Habitat Area (fraction below monthly threshold),Monthly Habitat Compression Index over 35.5-40N,nan,nan,2.0,1.0
2008,12,2008-12,0.343886462882096,nan,nan,nan,Habitat Area (fraction below monthly threshold),Monthly Habitat Compression Index over 35.5-40N,nan,nan,2.0,1.0
2009,1,2009-01,0.9661572052401748,nan,nan,nan,Habitat Area (fraction below monthly threshold),Monthly Habitat Compression Index over 35.5-40N,nan,nan,2.0,1.0
2009,2,2009-02,0.7729257641921398,nan,nan,nan,Habitat Area (fraction below monthly threshold),Monthly Habitat Compression Index over 35.5-40N,nan,nan,2.0,1.0
2009,3,2009-03,0.9355895196506552,nan,nan,nan,Habitat Area (fraction below monthly threshold),Monthly Habitat Compression Index over 35.5-40N,nan,nan,2.0,1.0
2009,4,2009-04,0.8329694323144105,nan,nan,nan,Habitat Area (fraction below monthly threshold),Monthly Habitat Compression Index over 35.5-40N,nan,nan,2.0,1.0
2009,5,2009-05,0.7958515283842795,nan,nan,nan,Habitat Area (fraction below monthly threshold),Monthly Habitat Compression Index over 35.5-40N,nan,nan,2.0,1.0
2009,6,2009-06,0.1364628820960698,nan,nan,nan,Habitat Area (fraction below monthly threshold),Monthly Habitat Compression Index over 35.5-40N,nan,nan,2.0,1.0
2009,7,2009-07,0.3100436681222707,nan,nan,nan,Habitat Area (fraction below monthly threshold),Monthly Habitat Compression Index over 35.5-40N,nan,nan,2.0,1.0
2009,8,2009-08,0.2510917030567685,nan,nan,nan,Habitat Area (fraction below monthly threshold),Monthly Habitat Compression Index over 35.5-40N,nan,nan,2.0,1.0
2009,9,2009-09,0.1451965065502183,nan,nan,nan,Habitat Area (fraction below monthly threshold),Monthly Habitat Compression Index over 35.5-40N,nan,nan,2.0,1.0
2009,10,2009-10,0.6877729257641921,nan,nan,nan,Habitat Area (fraction below monthly threshold),Monthly Habitat Compression Index over 35.5-40N,nan,nan,2.0,1.0
2009,11,2009-11,0.618995633187773,nan,nan,nan,Habitat Area (fraction below monthly threshold),Monthly Habitat Compression Index over 35.5-40N,nan,nan,2.0,1.0
2009,12,2009-12,0.8897379912663755,nan,nan,nan,Habitat Area (fraction below monthly threshold),Monthly Habitat Compression Index over 35.5-40N,nan,nan,2.0,1.0
2010,1,2010-01,0.6048034934497817,nan,nan,nan,Habitat Area (fraction below monthly threshold),Monthly Habitat Compression Index over 35.5-40N,nan,nan,2.0,1.0
2010,2,2010-02,0.37117903930131,nan,nan,nan,Habitat Area (fraction below monthly threshold),Monthly Habitat Compression Index over 35.5-40N,nan,nan,2.0,1.0
2010,3,2010-03,0.3864628820960699,nan,nan,nan,Habitat Area (fraction below monthly threshold),Monthly Habitat Compression Index over 35.5-40N,nan,nan,2.0,1.0
2010,4,2010-04,0.3045851528384279,nan,nan,nan,Habitat Area (fraction below monthly threshold),Monthly Habitat Compression Index over 35.5-40N,nan,nan,2.0,1.0
2010,5,2010-05,0.7543668122270742,nan,nan,nan,Habitat Area (fraction below monthly threshold),Monthly Habitat Compression Index over 35.5-40N,nan,nan,2.0,1.0
2010,6,2010-06,0.5556768558951966,nan,nan,nan,Habitat Area (fraction below monthly threshold),Monthly Habitat Compression Index over 35.5-40N,nan,nan,2.0,1.0
2010,7,2010-07,0.62117903930131,nan,nan,nan,Habitat Area (fraction below monthly threshold),Monthly Habitat Compression Index over 35.5-40N,nan,nan,2.0,1.0
2010,8,2010-08,0.8449781659388647,nan,nan,nan,Habitat Area (fraction below monthly threshold),Monthly Habitat Compression Index over 35.5-40N,nan,nan,2.0,1.0
2010,9,2010-09,0.5240174672489083,nan,nan,nan,Habitat Area (fraction below monthly threshold),Monthly Habitat Compression Index over 35.5-40N,nan,nan,2.0,1.0
2010,10,2010-10,0.648471615720524,nan,nan,nan,Habitat Area (fraction below monthly threshold),Monthly Habitat Compression Index over 35.5-40N,nan,nan,2.0,1.0
2010,11,2010-11,0.5698689956331878,nan,nan,nan,Habitat Area (fraction below monthly threshold),Monthly Habitat Compression Index over 35.5-40N,nan,nan,2.0,1.0
2010,12,2010-12,0.7063318777292577,nan,nan,nan,Habitat Area (fraction below monthly threshold),Monthly Habitat Compression Index over 35.5-40N,nan,nan,2.0,1.0
2011,1,2011-01,0.9246724890829694,nan,nan,nan,Habitat Area (fraction below monthly threshold),Monthly Habitat Compression Index over 35.5-40N,nan,nan,2.0,1.0
2011,2,2011-02,0.7882096069868996,nan,nan,nan,Habitat Area (fraction below monthly threshold),Monthly Habitat Compression Index over 35.5-40N,nan,nan,2.0,1.0
2011,3,2011-03,0.7270742358078602,nan,nan,nan,Habitat Area (fraction below monthly threshold),Monthly Habitat Compression Index over 35.5-40N,nan,nan,2.0,1.0
2011,4,2011-04,0.5687772925764192,nan,nan,nan,Habitat Area (fraction below monthly threshold),Monthly Habitat Compression Index over 35.5-40N,nan,nan,2.0,1.0
2011,5,2011-05,0.5775109170305677,nan,nan,nan,Habitat Area (fraction below monthly threshold),Monthly Habitat Compression Index over 35.5-40N,nan,nan,2.0,1.0
2011,6,2011-06,0.5010917030567685,nan,nan,nan,Habitat Area (fraction below monthly threshold),Monthly Habitat Compression Index over 35.5-40N,nan,nan,2.0,1.0
2011,7,2011-07,0.5655021834061136,nan,nan,nan,Habitat Area (fraction below monthly threshold),Monthly Habitat Compression Index over 35.5-40N,nan,nan,2.0,1.0
2011,8,2011-08,0.5884279475982532,nan,nan,nan,Habitat Area (fraction below monthly threshold),Monthly Habitat Compression Index over 35.5-40N,nan,nan,2.0,1.0
2011,9,2011-09,0.4497816593886463,nan,nan,nan,Habitat Area (fraction below monthly threshold),Monthly Habitat Compression Index over 35.5-40N,nan,nan,2.0,1.0
2011,10,2011-10,0.2893013100436681,nan,nan,nan,Habitat Area (fraction below monthly threshold),Monthly Habitat Compression Index over 35.5-40N,nan,nan,2.0,1.0
2011,11,2011-11,0.6834061135371179,nan,nan,nan,Habitat Area (fraction below monthly threshold),Monthly Habitat Compression Index over 35.5-40N,nan,nan,2.0,1.0
2011,12,2011-12,0.7554585152838428,nan,nan,nan,Habitat Area (fraction below monthly threshold),Monthly Habitat Compression Index over 35.5-40N,nan,nan,2.0,1.0
2012,1,2012-01,0.9519650655021834,nan,nan,nan,Habitat Area (fraction below monthly threshold),Monthly Habitat Compression Index over 35.5-40N,nan,nan,2.0,1.0
2012,2,2012-02,0.945414847161572,nan,nan,nan,Habitat Area (fraction below monthly threshold),Monthly Habitat Compression Index over 35.5-40N,nan,nan,2.0,1.0
2012,3,2012-03,0.987991266375546,nan,nan,nan,Habitat Area (fraction below monthly threshold),Monthly Habitat Compression Index over 35.5-40N,nan,nan,2.0,1.0
2012,4,2012-04,0.4945414847161572,nan,nan,nan,Habitat Area (fraction below monthly threshold),Monthly Habitat Compression Index over 35.5-40N,nan,nan,2.0,1.0
2012,5,2012-05,0.6768558951965066,nan,nan,nan,Habitat Area (fraction below monthly threshold),Monthly Habitat Compression Index over 35.5-40N,nan,nan,2.0,1.0
2012,6,2012-06,0.5873362445414847,nan,nan,nan,Habitat Area (fraction below monthly threshold),Monthly Habitat Compression Index over 35.5-40N,nan,nan,2.0,1.0
2012,7,2012-07,0.4912663755458515,nan,nan,nan,Habitat Area (fraction below monthly threshold),Monthly Habitat Compression Index over 35.5-40N,nan,nan,2.0,1.0
2012,8,2012-08,0.5534934497816594,nan,nan,nan,Habitat Area (fraction below monthly threshold),Monthly Habitat Compression Index over 35.5-40N,nan,nan,2.0,1.0
2012,9,2012-09,0.5425764192139738,nan,nan,nan,Habitat Area (fraction below monthly threshold),Monthly Habitat Compression Index over 35.5-40N,nan,nan,2.0,1.0
2012,10,2012-10,0.4323144104803493,nan,nan,nan,Habitat Area (fraction below monthly threshold),Monthly Habitat Compression Index over 35.5-40N,nan,nan,2.0,1.0
2012,11,2012-11,0.0633187772925764,nan,nan,nan,Habitat Area (fraction below monthly threshold),Monthly Habitat Compression Index over 35.5-40N,nan,nan,2.0,1.0
2012,12,2012-12,0.0087336244541484,nan,nan,nan,Habitat Area (fraction below monthly threshold),Monthly Habitat Compression Index over 35.5-40N,nan,nan,2.0,1.0
2013,1,2013-01,0.861353711790393,nan,nan,nan,Habitat Area (fraction below monthly threshold),Monthly Habitat Compression Index over 35.5-40N,nan,nan,2.0,1.0
2013,2,2013-02,0.9465065502183406,nan,nan,nan,Habitat Area (fraction below monthly threshold),Monthly Habitat Compression Index over 35.5-40N,nan,nan,2.0,1.0
2013,3,2013-03,1.0,nan,nan,nan,Habitat Area (fraction below monthly threshold),Monthly Habitat Compression Index over 35.5-40N,nan,nan,2.0,1.0
2013,4,2013-04,0.675764192139738,nan,nan,nan,Habitat Area (fraction below monthly threshold),Monthly Habitat Compression Index over 35.5-40N,nan,nan,2.0,1.0
2013,5,2013-05,0.4137554585152838,nan,nan,nan,Habitat Area (fraction below monthly threshold),Monthly Habitat Compression Index over 35.5-40N,nan,nan,2.0,1.0
2013,6,2013-06,0.3515283842794759,nan,nan,nan,Habitat Area (fraction below monthly threshold),Monthly Habitat Compression Index over 35.5-40N,nan,nan,2.0,1.0
2013,7,2013-07,0.334061135371179,nan,nan,nan,Habitat Area (fraction below monthly threshold),Monthly Habitat Compression Index over 35.5-40N,nan,nan,2.0,1.0
2013,8,2013-08,0.3548034934497817,nan,nan,nan,Habitat Area (fraction below monthly threshold),Monthly Habitat Compression Index over 35.5-40N,nan,nan,2.0,1.0
2013,9,2013-09,0.2096069868995633,nan,nan,nan,Habitat Area (fraction below monthly threshold),Monthly Habitat Compression Index over 35.5-40N,nan,nan,2.0,1.0
2013,10,2013-10,0.5534934497816594,nan,nan,nan,Habitat Area (fraction below monthly threshold),Monthly Habitat Compression Index over 35.5-40N,nan,nan,2.0,1.0
2013,11,2013-11,0.4290393013100436,nan,nan,nan,Habitat Area (fraction below monthly threshold),Monthly Habitat Compression Index over 35.5-40N,nan,nan,2.0,1.0
2013,12,2013-12,0.4639737991266375,nan,nan,nan,Habitat Area (fraction below monthly threshold),Monthly Habitat Compression Index over 35.5-40N,nan,nan,2.0,1.0
2014,1,2014-01,0.5796943231441049,nan,nan,nan,Habitat Area (fraction below monthly threshold),Monthly Habitat Compression Index over 35.5-40N,nan,nan,2.0,1.0
2014,2,2014-02,0.3537117903930131,nan,nan,nan,Habitat Area (fraction below monthly threshold),Monthly Habitat Compression Index over 35.5-40N,nan,nan,2.0,1.0
2014,3,2014-03,0.1626637554585152,nan,nan,nan,Habitat Area (fraction below monthly threshold),Monthly Habitat Compression Index over 35.5-40N,nan,nan,2.0,1.0
2014,4,2014-04,0.1441048034934497,nan,nan,nan,Habitat Area (fraction below monthly threshold),Monthly Habitat Compression Index over 35.5-40N,nan,nan,2.0,1.0
2014,5,2014-05,0.2434497816593886,nan,nan,nan,Habitat Area (fraction below monthly threshold),Monthly Habitat Compression Index over 35.5-40N,nan,nan,2.0,1.0
2014,6,2014-06,0.3296943231441048,nan,nan,nan,Habitat Area (fraction below monthly threshold),Monthly Habitat Compression Index over 35.5-40N,nan,nan,2.0,1.0
2014,7,2014-07,0.1844978165938864,nan,nan,nan,Habitat Area (fraction below monthly threshold),Monthly Habitat Compression Index over 35.5-40N,nan,nan,2.0,1.0
2014,8,2014-08,0.1997816593886462,nan,nan,nan,Habitat Area (fraction below monthly threshold),Monthly Habitat Compression Index over 35.5-40N,nan,nan,2.0,1.0
2014,9,2014-09,0.0360262008733624,nan,nan,nan,Habitat Area (fraction below monthly threshold),Monthly Habitat Compression Index over 35.5-40N,nan,nan,2.0,1.0
2014,10,2014-10,0.0054585152838427,nan,nan,nan,Habitat Area (fraction below monthly threshold),Monthly Habitat Compression Index over 35.5-40N,nan,nan,2.0,1.0
2014,11,2014-11,0.0,nan,nan,nan,Habitat Area (fraction below monthly threshold),Monthly Habitat Compression Index over 35.5-40N,nan,nan,2.0,1.0
2014,12,2014-12,0.0,nan,nan,nan,Habitat Area (fraction below monthly threshold),Monthly Habitat Compression Index over 35.5-40N,nan,nan,2.0,1.0
2015,1,2015-01,0.0010917030567685,nan,nan,nan,Habitat Area (fraction below monthly threshold),Monthly Habitat Compression Index over 35.5-40N,nan,nan,2.0,1.0
2015,2,2015-02,0.0,nan,nan,nan,Habitat Area (fraction below monthly threshold),Monthly Habitat Compression Index over 35.5-40N,nan,nan,2.0,1.0
2015,3,2015-03,0.0152838427947598,nan,nan,nan,Habitat Area (fraction below monthly threshold),Monthly Habitat Compression Index over 35.5-40N,nan,nan,2.0,1.0
2015,4,2015-04,0.1921397379912663,nan,nan,nan,Habitat Area (fraction below monthly threshold),Monthly Habitat Compression Index over 35.5-40N,nan,nan,2.0,1.0
2015,5,2015-05,0.2772925764192139,nan,nan,nan,Habitat Area (fraction below monthly threshold),Monthly Habitat Compression Index over 35.5-40N,nan,nan,2.0,1.0
2015,6,2015-06,0.2117903930131004,nan,nan,nan,Habitat Area (fraction below monthly threshold),Monthly Habitat Compression Index over 35.5-40N,nan,nan,2.0,1.0
2015,7,2015-07,0.1168122270742358,nan,nan,nan,Habitat Area (fraction below monthly threshold),Monthly Habitat Compression Index over 35.5-40N,nan,nan,2.0,1.0
2015,8,2015-08,0.0982532751091703,nan,nan,nan,Habitat Area (fraction below monthly threshold),Monthly Habitat Compression Index over 35.5-40N,nan,nan,2.0,1.0
2015,9,2015-09,0.1102620087336244,nan,nan,nan,Habitat Area (fraction below monthly threshold),Monthly Habitat Compression Index over 35.5-40N,nan,nan,2.0,1.0
2015,10,2015-10,0.0403930131004366,nan,nan,nan,Habitat Area (fraction below monthly threshold),Monthly Habitat Compression Index over 35.5-40N,nan,nan,2.0,1.0
2015,11,2015-11,0.1004366812227074,nan,nan,nan,Habitat Area (fraction below monthly threshold),Monthly Habitat Compression Index over 35.5-40N,nan,nan,2.0,1.0
2015,12,2015-12,0.0152838427947598,nan,nan,nan,Habitat Area (fraction below monthly threshold),Monthly Habitat Compression Index over 35.5-40N,nan,nan,2.0,1.0
2016,1,2016-01,0.0272925764192139,nan,nan,nan,Habitat Area (fraction below monthly threshold),Monthly Habitat Compression Index over 35.5-40N,nan,nan,2.0,1.0
2016,2,2016-02,0.0,nan,nan,nan,Habitat Area (fraction below monthly threshold),Monthly Habitat Compression Index over 35.5-40N,nan,nan,2.0,1.0
2016,3,2016-03,0.0,nan,nan,nan,Habitat Area (fraction below monthly threshold),Monthly Habitat Compression Index over 35.5-40N,nan,nan,2.0,1.0
2016,4,2016-04,0.0960698689956331,nan,nan,nan,Habitat Area (fraction below monthly threshold),Monthly Habitat Compression Index over 35.5-40N,nan,nan,2.0,1.0
2016,5,2016-05,0.1910480349344978,nan,nan,nan,Habitat Area (fraction below monthly threshold),Monthly Habitat Compression Index over 35.5-40N,nan,nan,2.0,1.0
2016,6,2016-06,0.2030567685589519,nan,nan,nan,Habitat Area (fraction below monthly threshold),Monthly Habitat Compression Index over 35.5-40N,nan,nan,2.0,1.0
2016,7,2016-07,0.3897379912663755,nan,nan,nan,Habitat Area (fraction below monthly threshold),Monthly Habitat Compression Index over 35.5-40N,nan,nan,2.0,1.0
2016,8,2016-08,0.398471615720524,nan,nan,nan,Habitat Area (fraction below monthly threshold),Monthly Habitat Compression Index over 35.5-40N,nan,nan,2.0,1.0
2016,9,2016-09,0.3318777292576419,nan,nan,nan,Habitat Area (fraction below monthly threshold),Monthly Habitat Compression Index over 35.5-40N,nan,nan,2.0,1.0
2016,10,2016-10,0.259825327510917,nan,nan,nan,Habitat Area (fraction below monthly threshold),Monthly Habitat Compression Index over 35.5-40N,nan,nan,2.0,1.0
2016,11,2016-11,0.0,nan,nan,nan,Habitat Area (fraction below monthly threshold),Monthly Habitat Compression Index over 35.5-40N,nan,nan,2.0,1.0
2016,12,2016-12,0.1768558951965065,nan,nan,nan,Habitat Area (fraction below monthly threshold),Monthly Habitat Compression Index over 35.5-40N,nan,nan,2.0,1.0
2017,1,2017-01,0.6179039301310044,nan,nan,nan,Habitat Area (fraction below monthly threshold),Monthly Habitat Compression Index over 35.5-40N,nan,nan,2.0,1.0
2017,2,2017-02,0.2412663755458515,nan,nan,nan,Habitat Area (fraction below monthly threshold),Monthly Habitat Compression Index over 35.5-40N,nan,nan,2.0,1.0
2017,3,2017-03,0.1692139737991266,nan,nan,nan,Habitat Area (fraction below monthly threshold),Monthly Habitat Compression Index over 35.5-40N,nan,nan,2.0,1.0
2017,4,2017-04,0.0927947598253275,nan,nan,nan,Habitat Area (fraction below monthly threshold),Monthly Habitat Compression Index over 35.5-40N,nan,nan,2.0,1.0
2017,5,2017-05,0.3897379912663755,nan,nan,nan,Habitat Area (fraction below monthly threshold),Monthly Habitat Compression Index over 35.5-40N,nan,nan,2.0,1.0
2017,6,2017-06,0.2860262008733624,nan,nan,nan,Habitat Area (fraction below monthly threshold),Monthly Habitat Compression Index over 35.5-40N,nan,nan,2.0,1.0
2017,7,2017-07,0.4203056768558952,nan,nan,nan,Habitat Area (fraction below monthly threshold),Monthly Habitat Compression Index over 35.5-40N,nan,nan,2.0,1.0
2017,8,2017-08,0.2543668122270742,nan,nan,nan,Habitat Area (fraction below monthly threshold),Monthly Habitat Compression Index over 35.5-40N,nan,nan,2.0,1.0
2017,9,2017-09,0.1670305676855895,nan,nan,nan,Habitat Area (fraction below monthly threshold),Monthly Habitat Compression Index over 35.5-40N,nan,nan,2.0,1.0
2017,10,2017-10,0.5305676855895196,nan,nan,nan,Habitat Area (fraction below monthly threshold),Monthly Habitat Compression Index over 35.5-40N,nan,nan,2.0,1.0
2017,11,2017-11,0.0873362445414847,nan,nan,nan,Habitat Area (fraction below monthly threshold),Monthly Habitat Compression Index over 35.5-40N,nan,nan,2.0,1.0
2017,12,2017-12,0.0502183406113537,nan,nan,nan,Habitat Area (fraction below monthly threshold),Monthly Habitat Compression Index over 35.5-40N,nan,nan,2.0,1.0
2018,1,2018-01,0.0633187772925764,nan,nan,nan,Habitat Area (fraction below monthly threshold),Monthly Habitat Compression Index over 35.5-40N,nan,nan,2.0,1.0
2018,2,2018-02,0.2106986899563318,nan,nan,nan,Habitat Area (fraction below monthly threshold),Monthly Habitat Compression Index over 35.5-40N,nan,nan,2.0,1.0
2018,3,2018-03,0.537117903930131,nan,nan,nan,Habitat Area (fraction below monthly threshold),Monthly Habitat Compression Index over 35.5-40N,nan,nan,2.0,1.0
2018,4,2018-04,0.1604803493449781,nan,nan,nan,Habitat Area (fraction below monthly threshold),Monthly Habitat Compression Index over 35.5-40N,nan,nan,2.0,1.0
2018,5,2018-05,0.2914847161572052,nan,nan,nan,Habitat Area (fraction below monthly threshold),Monthly Habitat Compression Index over 35.5-40N,nan,nan,2.0,1.0
2018,6,2018-06,0.3569868995633188,nan,nan,nan,Habitat Area (fraction below monthly threshold),Monthly Habitat Compression Index over 35.5-40N,nan,nan,2.0,1.0
2018,7,2018-07,0.2467248908296943,nan,nan,nan,Habitat Area (fraction below monthly threshold),Monthly Habitat Compression Index over 35.5-40N,nan,nan,2.0,1.0
2018,8,2018-08,0.3941048034934498,nan,nan,nan,Habitat Area (fraction below monthly threshold),Monthly Habitat Compression Index over 35.5-40N,nan,nan,2.0,1.0
2018,9,2018-09,0.3951965065502183,nan,nan,nan,Habitat Area (fraction below monthly threshold),Monthly Habitat Compression Index over 35.5-40N,nan,nan,2.0,1.0
2018,10,2018-10,0.2106986899563318,nan,nan,nan,Habitat Area (fraction below monthly threshold),Monthly Habitat Compression Index over 35.5-40N,nan,nan,2.0,1.0
2018,11,2018-11,0.2019650655021834,nan,nan,nan,Habitat Area (fraction below monthly threshold),Monthly Habitat Compression Index over 35.5-40N,nan,nan,2.0,1.0
2018,12,2018-12,0.0,nan,nan,nan,Habitat Area (fraction below monthly threshold),Monthly Habitat Compression Index over 35.5-40N,nan,nan,2.0,1.0
2019,1,2019-01,0.2183406113537118,nan,nan,nan,Habitat Area (fraction below monthly threshold),Monthly Habitat Compression Index over 35.5-40N,nan,nan,2.0,1.0
2019,2,2019-02,0.1135371179039301,nan,nan,nan,Habitat Area (fraction below monthly threshold),Monthly Habitat Compression Index over 35.5-40N,nan,nan,2.0,1.0
2019,3,2019-03,0.3176855895196506,nan,nan,nan,Habitat Area (fraction below monthly threshold),Monthly Habitat Compression Index over 35.5-40N,nan,nan,2.0,1.0
2019,4,2019-04,0.1200873362445414,nan,nan,nan,Habitat Area (fraction below monthly threshold),Monthly Habitat Compression Index over 35.5-40N,nan,nan,2.0,1.0
2019,5,2019-05,0.232532751091703,nan,nan,nan,Habitat Area (fraction below monthly threshold),Monthly Habitat Compression Index over 35.5-40N,nan,nan,2.0,1.0
2019,6,2019-06,0.3962882096069869,nan,nan,nan,Habitat Area (fraction below monthly threshold),Monthly Habitat Compression Index over 35.5-40N,nan,nan,2.0,1.0
2019,7,2019-07,0.4039301310043668,nan,nan,nan,Habitat Area (fraction below monthly threshold),Monthly Habitat Compression Index over 35.5-40N,nan,nan,2.0,1.0
2019,8,2019-08,0.3122270742358078,nan,nan,nan,Habitat Area (fraction below monthly threshold),Monthly Habitat Compression Index over 35.5-40N,nan,nan,2.0,1.0
2019,9,2019-09,0.1844978165938864,nan,nan,nan,Habitat Area (fraction below monthly threshold),Monthly Habitat Compression Index over 35.5-40N,nan,nan,2.0,1.0
2019,10,2019-10,0.4836244541484716,nan,nan,nan,Habitat Area (fraction below monthly threshold),Monthly Habitat Compression Index over 35.5-40N,nan,nan,2.0,1.0
2019,11,2019-11,0.3766375545851528,nan,nan,nan,Habitat Area (fraction below monthly threshold),Monthly Habitat Compression Index over 35.5-40N,nan,nan,2.0,1.0
2019,12,2019-12,0.1277292576419214,nan,nan,nan,Habitat Area (fraction below monthly threshold),Monthly Habitat Compression Index over 35.5-40N,nan,nan,2.0,1.0
2020,1,2020-01,0.5010917030567685,nan,nan,nan,Habitat Area (fraction below monthly threshold),Monthly Habitat Compression Index over 35.5-40N,nan,nan,2.0,1.0
2020,2,2020-02,0.574235807860262,nan,nan,nan,Habitat Area (fraction below monthly threshold),Monthly Habitat Compression Index over 35.5-40N,nan,nan,2.0,1.0
2020,3,2020-03,0.5218340611353712,nan,nan,nan,Habitat Area (fraction below monthly threshold),Monthly Habitat Compression Index over 35.5-40N,nan,nan,2.0,1.0
2020,4,2020-04,0.2423580786026201,nan,nan,nan,Habitat Area (fraction below monthly threshold),Monthly Habitat Compression Index over 35.5-40N,nan,nan,2.0,1.0
2020,5,2020-05,0.1812227074235808,nan,nan,nan,Habitat Area (fraction below monthly threshold),Monthly Habitat Compression Index over 35.5-40N,nan,nan,2.0,1.0
2020,6,2020-06,0.2762008733624454,nan,nan,nan,Habitat Area (fraction below monthly threshold),Monthly Habitat Compression Index over 35.5-40N,nan,nan,2.0,1.0
2020,7,2020-07,0.509825327510917,nan,nan,nan,Habitat Area (fraction below monthly threshold),Monthly Habitat Compression Index over 35.5-40N,nan,nan,2.0,1.0
2020,8,2020-08,0.3842794759825327,nan,nan,nan,Habitat Area (fraction below monthly threshold),Monthly Habitat Compression Index over 35.5-40N,nan,nan,2.0,1.0
2020,9,2020-09,0.2347161572052401,nan,nan,nan,Habitat Area (fraction below monthly threshold),Monthly Habitat Compression Index over 35.5-40N,nan,nan,2.0,1.0
2020,10,2020-10,0.2849344978165939,nan,nan,nan,Habitat Area (fraction below monthly threshold),Monthly Habitat Compression Index over 35.5-40N,nan,nan,2.0,1.0
2020,11,2020-11,0.5884279475982532,nan,nan,nan,Habitat Area (fraction below monthly threshold),Monthly Habitat Compression Index over 35.5-40N,nan,nan,2.0,1.0
2020,12,2020-12,0.7893013100436681,nan,nan,nan,Habitat Area (fraction below monthly threshold),Monthly Habitat Compression Index over 35.5-40N,nan,nan,2.0,1.0
2021,1,2021-01,0.7980349344978166,nan,nan,nan,Habitat Area (fraction below monthly threshold),Monthly Habitat Compression Index over 35.5-40N,nan,nan,2.0,1.0
2021,2,2021-02,0.732532751091703,nan,nan,nan,Habitat Area (fraction below monthly threshold),Monthly Habitat Compression Index over 35.5-40N,nan,nan,2.0,1.0
2021,3,2021-03,0.9748908296943232,nan,nan,nan,Habitat Area (fraction below monthly threshold),Monthly Habitat Compression Index over 35.5-40N,nan,nan,2.0,1.0
2021,4,2021-04,0.8133187772925764,nan,nan,nan,Habitat Area (fraction below monthly threshold),Monthly Habitat Compression Index over 35.5-40N,nan,nan,2.0,1.0
2021,5,2021-05,0.8493449781659389,nan,nan,nan,Habitat Area (fraction below monthly threshold),Monthly Habitat Compression Index over 35.5-40N,nan,nan,2.0,1.0
2021,6,2021-06,0.3569868995633188,nan,nan,nan,Habitat Area (fraction below monthly threshold),Monthly Habitat Compression Index over 35.5-40N,nan,nan,2.0,1.0
